ticker,cutoff_date,control_feature_count,pcr_feature_count,control_rows_before_alignment,experiment_rows_before_alignment,common_rows_used,train_date_min,train_date_max,test_date_min,test_date_max,control_train_size,pcr_train_size,control_test_size,pcr_test_size,labels_identical,control_f1_macro,pcr_f1_macro,delta_f1_macro,control_raw_argmax_f1_macro,pcr_raw_argmax_f1_macro,control_accuracy,pcr_accuracy,weakest_class_control,weakest_class_pcr,weakest_class_f1_before,weakest_class_f1_after,weakest_class_delta,classes_improved,classes_worsened,class_collapse,feature_set_difference_verified,control_sell_precision,pcr_sell_precision,control_sell_recall,pcr_sell_recall,control_sell_f1,pcr_sell_f1,control_sell_support,pcr_sell_support,delta_sell_f1,control_hold_precision,pcr_hold_precision,control_hold_recall,pcr_hold_recall,control_hold_f1,pcr_hold_f1,control_hold_support,pcr_hold_support,delta_hold_f1,control_buy_precision,pcr_buy_precision,control_buy_recall,pcr_buy_recall,control_buy_f1,pcr_buy_f1,control_buy_support,pcr_buy_support,delta_buy_f1,control_prediction_distribution,control_raw_prediction_distribution,control_cv_score,control_optuna_trials,pcr_prediction_distribution,pcr_raw_prediction_distribution,pcr_cv_score,pcr_optuna_trials,horizon,prediction_shift,delta_cv_score,final_feature_date_max,latest_required_future_date,target_leakage_violations,target_cutoff_validation_passed
ADANIENT.NS,2025-08-08,55,57,909,909,909,2021-09-27,2024-10-16,2024-10-17,2025-07-25,727,727,182,182,True,0.38978813978813975,0.37764141627874176,-0.012146723509397994,0.38978813978813975,0.37764141627874176,0.3901098901098901,0.3956043956043956,BUY,BUY,0.38461538461538464,0.25882352941176473,-0.1257918552036199,1,2,BUY,True,0.38596491228070173,0.4117647058823529,0.4,0.6363636363636364,0.39285714285714285,0.5,55,55,0.10714285714285715,0.38666666666666666,0.3939393939393939,0.3972602739726027,0.3561643835616438,0.3918918918918919,0.37410071942446044,73,73,-0.01779117246743145,0.4,0.3548387096774194,0.37037037037037035,0.2037037037037037,0.38461538461538464,0.25882352941176473,54,54,-0.1257918552036199,"{""BUY"": 50, ""HOLD"": 75, ""SELL"": 57}","{""BUY"": 50, ""HOLD"": 75, ""SELL"": 57}",0.3289113015762884,75,"{""BUY"": 31, ""HOLD"": 66, ""SELL"": 85}","{""BUY"": 31, ""HOLD"": 66, ""SELL"": 85}",0.3341963201738829,75,10,56,0.005285018597594504,2025-07-25,2025-08-08,0,True
ADANIPORTS.NS,2025-08-08,55,57,909,909,909,2021-09-27,2024-10-16,2024-10-17,2025-07-25,727,727,182,182,True,0.28145450890803597,0.23646043165467626,-0.044994077253359716,0.27581699346405225,0.2291858035864537,0.29120879120879123,0.24175824175824176,SELL,SELL,0.16494845360824742,0.18,0.015051546391752574,1,2,BUY,True,0.2,0.20930232558139536,0.14035087719298245,0.15789473684210525,0.16494845360824742,0.18,57,57,0.015051546391752574,0.24691358024691357,0.2375,0.3389830508474576,0.3220338983050847,0.2857142857142857,0.2733812949640288,59,59,-0.0123329907502569,0.4098360655737705,0.2711864406779661,0.3787878787878788,0.24242424242424243,0.3937007874015748,0.256,66,66,-0.13770078740157482,"{""BUY"": 61, ""HOLD"": 81, ""SELL"": 40}","{""BUY"": 36, ""HOLD"": 103, ""SELL"": 43}",0.34807248074221625,75,"{""BUY"": 59, ""HOLD"": 80, ""SELL"": 43}","{""BUY"": 26, ""HOLD"": 106, ""SELL"": 50}",0.33504640103203903,75,10,6,-0.013026079710177219,2025-07-25,2025-08-08,0,True
APOLLOHOSP.NS,2025-08-08,55,57,909,909,909,2021-09-27,2024-10-16,2024-10-17,2025-07-25,727,727,182,182,True,0.3082772584626868,0.27728060961795903,-0.030996648844727748,0.30892473791209624,0.27780044853215585,0.31868131868131866,0.29120879120879123,SELL,SELL,0.26506024096385544,0.21686746987951808,-0.048192771084337366,0,3,,True,0.2619047619047619,0.21428571428571427,0.2682926829268293,0.21951219512195122,0.26506024096385544,0.21686746987951808,41,41,-0.048192771084337366,0.3918918918918919,0.3888888888888889,0.34523809523809523,0.3333333333333333,0.3670886075949367,0.358974358974359,84,84,-0.008114248620577746,0.2727272727272727,0.23529411764705882,0.3157894736842105,0.2807017543859649,0.2926829268292683,0.256,57,57,-0.03668292682926827,"{""BUY"": 66, ""HOLD"": 74, ""SELL"": 42}","{""BUY"": 70, ""HOLD"": 89, ""SELL"": 23}",0.32436774954620945,75,"{""BUY"": 68, ""HOLD"": 72, ""SELL"": 42}","{""BUY"": 69, ""HOLD"": 80, ""SELL"": 33}",0.32675396449903815,75,10,4,0.0023862149528287024,2025-07-25,2025-08-08,0,True
ASIANPAINT.NS,2025-08-08,55,57,909,909,909,2021-09-27,2024-10-16,2024-10-17,2025-07-25,727,727,182,182,True,0.30040758461811096,0.35774004131492054,0.057332456696809586,0.30040758461811096,0.35774004131492054,0.3626373626373626,0.4065934065934066,BUY,BUY,0.13333333333333333,0.24691358024691357,0.11358024691358024,3,0,,True,0.34210526315789475,0.3684210526315789,0.21311475409836064,0.22950819672131148,0.26262626262626265,0.2828282828282828,61,61,0.020202020202020166,0.40336134453781514,0.4424778761061947,0.676056338028169,0.704225352112676,0.5052631578947369,0.5434782608695652,71,71,0.03821510297482833,0.2,0.3225806451612903,0.1,0.2,0.13333333333333333,0.24691358024691357,50,50,0.11358024691358024,"{""BUY"": 25, ""HOLD"": 119, ""SELL"": 38}","{""BUY"": 25, ""HOLD"": 119, ""SELL"": 38}",0.3253706606144625,75,"{""BUY"": 31, ""HOLD"": 113, ""SELL"": 38}","{""BUY"": 31, ""HOLD"": 113, ""SELL"": 38}",0.3513829959602345,75,10,12,0.026012335345771964,2025-07-25,2025-08-08,0,True
AXISBANK.NS,2025-08-08,55,57,909,909,909,2021-09-27,2024-10-16,2024-10-17,2025-07-25,727,727,182,182,True,0.33284761716134265,0.37204646323583535,0.0391988460744927,0.33284761716134265,0.37204646323583535,0.34065934065934067,0.38461538461538464,SELL,SELL,0.29411764705882354,0.3238095238095238,0.029691876750700286,3,0,,True,0.38461538461538464,0.40476190476190477,0.23809523809523808,0.2698412698412698,0.29411764705882354,0.3238095238095238,63,63,0.029691876750700286,0.38461538461538464,0.43902439024390244,0.39473684210526316,0.47368421052631576,0.38961038961038963,0.45569620253164556,76,76,0.06608581292125593,0.26153846153846155,0.29310344827586204,0.3953488372093023,0.3953488372093023,0.3148148148148148,0.33663366336633666,43,43,0.02181884855152183,"{""BUY"": 65, ""HOLD"": 78, ""SELL"": 39}","{""BUY"": 65, ""HOLD"": 78, ""SELL"": 39}",0.377759611168395,75,"{""BUY"": 58, ""HOLD"": 82, ""SELL"": 42}","{""BUY"": 58, ""HOLD"": 82, ""SELL"": 42}",0.37811867673009475,75,10,14,0.000359065561699734,2025-07-25,2025-08-08,0,True
BAJAJ-AUTO.NS,2025-08-08,55,57,909,909,909,2021-09-27,2024-10-16,2024-10-17,2025-07-25,727,727,182,182,True,0.25884989714776946,0.24514527876724226,-0.013704618380527195,0.25884989714776946,0.24514527876724226,0.3021978021978022,0.2857142857142857,SELL,SELL,0.12987012987012986,0.1095890410958904,-0.020281088774239453,1,2,,True,0.35714285714285715,0.4,0.07936507936507936,0.06349206349206349,0.12987012987012986,0.1095890410958904,63,63,-0.020281088774239453,0.6666666666666666,0.65,0.14814814814814814,0.16049382716049382,0.24242424242424243,0.25742574257425743,81,81,0.015001500150015001,0.25333333333333335,0.23026315789473684,1.0,0.9210526315789473,0.40425531914893614,0.3684210526315789,38,38,-0.035834266517357216,"{""BUY"": 150, ""HOLD"": 18, ""SELL"": 14}","{""BUY"": 150, ""HOLD"": 18, ""SELL"": 14}",0.3060176341235273,75,"{""BUY"": 152, ""HOLD"": 20, ""SELL"": 10}","{""BUY"": 152, ""HOLD"": 20, ""SELL"": 10}",0.3072493340236503,75,10,8,0.0012316999001230067,2025-07-25,2025-08-08,0,True
BAJFINANCE.NS,2025-08-08,55,57,909,909,909,2021-09-27,2024-10-16,2024-10-17,2025-07-25,727,727,182,182,True,0.26570048309178745,0.27606837606837603,0.010367892976588577,0.26570048309178745,0.27606837606837603,0.3241758241758242,0.3076923076923077,BUY,BUY,0.0,0.07692307692307693,0.07692307692307693,1,2,BUY,True,0.224,0.20833333333333334,0.7777777777777778,0.6944444444444444,0.34782608695652173,0.32051282051282054,36,36,-0.02731326644370119,0.5740740740740741,0.6086956521739131,0.36904761904761907,0.3333333333333333,0.4492753623188406,0.4307692307692308,84,84,-0.018506131549609783,0.0,0.1875,0.0,0.04838709677419355,0.0,0.07692307692307693,62,62,0.07692307692307693,"{""BUY"": 3, ""HOLD"": 54, ""SELL"": 125}","{""BUY"": 3, ""HOLD"": 54, ""SELL"": 125}",0.3874639643153264,75,"{""BUY"": 16, ""HOLD"": 46, ""SELL"": 120}","{""BUY"": 16, ""HOLD"": 46, ""SELL"": 120}",0.35863673858078315,75,10,26,-0.02882722573454327,2025-07-25,2025-08-08,0,True
BAJAJFINSV.NS,2025-08-08,55,57,914,914,914,2021-09-27,2024-10-22,2024-10-23,2025-08-01,731,731,183,183,True,0.2947072072072072,0.2906947176033534,-0.004012489603853808,0.2947072072072072,0.2906947176033534,0.43169398907103823,0.44808743169398907,BUY,BUY,0.0625,0.09523809523809523,0.03273809523809523,2,1,BUY,True,0.17391304347826086,0.14705882352941177,0.23529411764705882,0.14705882352941177,0.2,0.14705882352941177,34,34,-0.05294117647058824,0.6,0.578125,0.6448598130841121,0.6915887850467289,0.6216216216216216,0.6297872340425532,107,107,0.008165612420931612,0.09090909090909091,0.14285714285714285,0.047619047619047616,0.07142857142857142,0.0625,0.09523809523809523,42,42,0.03273809523809523,"{""BUY"": 22, ""HOLD"": 115, ""SELL"": 46}","{""BUY"": 22, ""HOLD"": 115, ""SELL"": 46}",0.26342771983990504,75,"{""BUY"": 21, ""HOLD"": 128, ""SELL"": 34}","{""BUY"": 21, ""HOLD"": 128, ""SELL"": 34}",0.28475022823884744,75,5,26,0.021322508398942397,2025-08-01,2025-08-08,0,True
BEL.NS,2025-08-08,55,57,909,909,909,2021-09-27,2024-10-16,2024-10-17,2025-07-25,727,727,182,182,True,0.3245190892249716,0.37307180330436146,0.04855271407938988,0.3245190892249716,0.37307180330436146,0.32967032967032966,0.38461538461538464,SELL,HOLD,0.27350427350427353,0.35658914728682173,0.0830848737825482,2,1,,True,0.26666666666666666,0.3194444444444444,0.2807017543859649,0.40350877192982454,0.27350427350427353,0.35658914728682173,57,57,0.0830848737825482,0.23529411764705882,0.23214285714285715,0.37209302325581395,0.3023255813953488,0.2882882882882883,0.26262626262626265,43,43,-0.025662025662025634,0.5185185185185185,0.6296296296296297,0.34146341463414637,0.4146341463414634,0.4117647058823529,0.5,82,82,0.08823529411764708,"{""BUY"": 54, ""HOLD"": 68, ""SELL"": 60}","{""BUY"": 54, ""HOLD"": 68, ""SELL"": 60}",0.2707220908404312,75,"{""BUY"": 54, ""HOLD"": 56, ""SELL"": 72}","{""BUY"": 54, ""HOLD"": 56, ""SELL"": 72}",0.26510337710989085,75,10,24,-0.005618713730540348,2025-07-25,2025-08-08,0,True
BHARTIARTL.NS,2025-08-08,55,57,909,909,909,2021-09-27,2024-10-16,2024-10-17,2025-07-25,727,727,182,182,True,0.33237185235371874,0.3627006789770924,0.03032882662337366,0.33237185235371874,0.3627006789770924,0.3791208791208791,0.44505494505494503,BUY,BUY,0.16822429906542055,0.21359223300970873,0.045367933944288175,2,1,,True,0.47368421052631576,0.5,0.24324324324324326,0.1891891891891892,0.32142857142857145,0.27450980392156865,37,37,-0.0469187675070028,0.4594594594594595,0.525,0.5666666666666667,0.7,0.5074626865671642,0.6,90,90,0.09253731343283578,0.17307692307692307,0.22916666666666666,0.16363636363636364,0.2,0.16822429906542055,0.21359223300970873,55,55,0.045367933944288175,"{""BUY"": 52, ""HOLD"": 111, ""SELL"": 19}","{""BUY"": 52, ""HOLD"": 111, ""SELL"": 19}",0.33557660507609394,75,"{""BUY"": 48, ""HOLD"": 120, ""SELL"": 14}","{""BUY"": 48, ""HOLD"": 120, ""SELL"": 14}",0.33724630166370867,75,10,18,0.001669696587614733,2025-07-25,2025-08-08,0,True
BRITANNIA.NS,2025-08-08,55,57,909,909,909,2021-09-27,2024-10-16,2024-10-17,2025-07-25,727,727,182,182,True,0.39157983510325467,0.4141438808359103,0.022564045732655635,0.3828363962600054,0.366790333060848,0.45054945054945056,0.45604395604395603,BUY,SELL,0.23529411764705882,0.3486238532110092,0.11332973556395037,1,2,,True,0.3333333333333333,0.27906976744186046,0.3,0.3,0.3157894736842105,0.2891566265060241,40,40,-0.026632847178186425,0.6170212765957447,0.65,0.6304347826086957,0.5652173913043478,0.6236559139784946,0.6046511627906976,92,92,-0.019004751187796987,0.23076923076923078,0.3220338983050847,0.24,0.38,0.23529411764705882,0.3486238532110092,50,50,0.11332973556395037,"{""BUY"": 52, ""HOLD"": 94, ""SELL"": 36}","{""BUY"": 29, ""HOLD"": 123, ""SELL"": 30}",0.33369005840613297,75,"{""BUY"": 59, ""HOLD"": 80, ""SELL"": 43}","{""BUY"": 43, ""HOLD"": 98, ""SELL"": 41}",0.3270154615682352,75,10,28,-0.006674596837897784,2025-07-25,2025-08-08,0,True
CIPLA.NS,2025-08-08,55,57,909,909,909,2021-09-27,2024-10-16,2024-10-17,2025-07-25,727,727,182,182,True,0.3026002946889023,0.2866405995438253,-0.015959695145077002,0.3320696087924592,0.2830110346334535,0.33516483516483514,0.31868131868131866,BUY,BUY,0.125,0.13333333333333333,0.008333333333333331,1,2,,True,0.27710843373493976,0.25925925925925924,0.5348837209302325,0.4883720930232558,0.36507936507936506,0.3387096774193548,43,43,-0.026369687660010244,0.4852941176470588,0.4266666666666667,0.36666666666666664,0.35555555555555557,0.4177215189873418,0.3878787878787879,90,90,-0.0298427311085539,0.16129032258064516,0.19230769230769232,0.10204081632653061,0.10204081632653061,0.125,0.13333333333333333,49,49,0.008333333333333331,"{""BUY"": 31, ""HOLD"": 68, ""SELL"": 83}","{""BUY"": 37, ""HOLD"": 79, ""SELL"": 66}",0.25821574782255036,75,"{""BUY"": 26, ""HOLD"": 75, ""SELL"": 81}","{""BUY"": 32, ""HOLD"": 80, ""SELL"": 70}",0.266807882010984,75,10,14,0.008592134188433631,2025-07-25,2025-08-08,0,True
COALINDIA.NS,2025-08-08,55,57,909,909,909,2021-09-27,2024-10-16,2024-10-17,2025-07-25,727,727,182,182,True,0.3059326456354057,0.32908300622245634,0.023150360587050667,0.3059326456354057,0.32908300622245634,0.3076923076923077,0.32967032967032966,HOLD,HOLD,0.2962962962962963,0.26804123711340205,-0.028255059182894227,2,1,,True,0.5172413793103449,0.5833333333333334,0.21428571428571427,0.3,0.30303030303030304,0.39622641509433965,70,70,0.09319611206403661,0.4444444444444444,0.52,0.2222222222222222,0.18055555555555555,0.2962962962962963,0.26804123711340205,72,72,-0.028255059182894227,0.21367521367521367,0.21487603305785125,0.625,0.65,0.3184713375796178,0.32298136645962733,40,40,0.004510028880009509,"{""BUY"": 117, ""HOLD"": 36, ""SELL"": 29}","{""BUY"": 117, ""HOLD"": 36, ""SELL"": 29}",0.3401065237695071,30,"{""BUY"": 121, ""HOLD"": 25, ""SELL"": 36}","{""BUY"": 121, ""HOLD"": 25, ""SELL"": 36}",0.33370889077102406,30,10,22,-0.0063976329984830604,2025-07-25,2025-08-08,0,True
DRREDDY.NS,2025-08-08,55,57,909,909,909,2021-09-27,2024-10-16,2024-10-17,2025-07-25,727,727,182,182,True,0.36792122757035034,0.38563332501509945,0.01771209744474911,0.3928331413210446,0.3915322458499939,0.37362637362637363,0.3956043956043956,SELL,SELL,0.28846153846153844,0.2553191489361702,-0.03314238952536824,2,1,,True,0.4411764705882353,0.5,0.21428571428571427,0.17142857142857143,0.28846153846153844,0.2553191489361702,70,70,-0.03314238952536824,0.3163265306122449,0.3142857142857143,0.5740740740740741,0.6111111111111112,0.40789473684210525,0.41509433962264153,54,54,0.007199602780536274,0.44,0.5094339622641509,0.3793103448275862,0.46551724137931033,0.4074074074074074,0.4864864864864865,58,58,0.07907907907907913,"{""BUY"": 50, ""HOLD"": 98, ""SELL"": 34}","{""BUY"": 70, ""HOLD"": 70, ""SELL"": 42}",0.34442516087048053,75,"{""BUY"": 53, ""HOLD"": 105, ""SELL"": 24}","{""BUY"": 70, ""HOLD"": 77, ""SELL"": 35}",0.3459685251312208,75,10,20,0.0015433642607402542,2025-07-25,2025-08-08,0,True
EICHERMOT.NS,2025-08-08,55,57,909,909,909,2021-09-27,2024-10-16,2024-10-17,2025-07-25,727,727,182,182,True,0.2613718658194985,0.3171085504390066,0.05573668461950809,0.32477516982467475,0.3560521819534061,0.2857142857142857,0.33516483516483514,BUY,BUY,0.0975609756097561,0.1839080459770115,0.08634707036725539,2,1,,True,0.21212121212121213,0.22330097087378642,0.7368421052631579,0.6052631578947368,0.32941176470588235,0.3262411347517731,38,38,-0.003170629954109272,0.4878048780487805,0.46153846153846156,0.28169014084507044,0.4225352112676056,0.35714285714285715,0.4411764705882353,71,71,0.08403361344537813,0.4444444444444444,0.5714285714285714,0.0547945205479452,0.1095890410958904,0.0975609756097561,0.1839080459770115,73,73,0.08634707036725539,"{""BUY"": 9, ""HOLD"": 41, ""SELL"": 132}","{""BUY"": 28, ""HOLD"": 72, ""SELL"": 82}",0.3114341063340768,75,"{""BUY"": 14, ""HOLD"": 65, ""SELL"": 103}","{""BUY"": 27, ""HOLD"": 90, ""SELL"": 65}",0.30592974147783236,75,10,58,-0.005504364856244448,2025-07-25,2025-08-08,0,True
GRASIM.NS,2025-08-08,55,57,909,909,909,2021-09-27,2024-10-16,2024-10-17,2025-07-25,727,727,182,182,True,0.3385010786206042,0.34752794704915085,0.009026868428546664,0.3103575154631492,0.33078379401741764,0.34615384615384615,0.35714285714285715,SELL,SELL,0.2549019607843137,0.24242424242424243,-0.012477718360071277,2,1,,True,0.29545454545454547,0.2926829268292683,0.22413793103448276,0.20689655172413793,0.2549019607843137,0.24242424242424243,58,58,-0.012477718360071277,0.35443037974683544,0.37681159420289856,0.4666666666666667,0.43333333333333335,0.4028776978417266,0.40310077519379844,60,60,0.0002230773520718321,0.3728813559322034,0.375,0.34375,0.421875,0.35772357723577236,0.39705882352941174,64,64,0.03933524629363938,"{""BUY"": 59, ""HOLD"": 79, ""SELL"": 44}","{""BUY"": 62, ""HOLD"": 82, ""SELL"": 38}",0.3397772527578643,75,"{""BUY"": 72, ""HOLD"": 69, ""SELL"": 41}","{""BUY"": 75, ""HOLD"": 70, ""SELL"": 37}",0.3402328919018195,75,10,26,0.0004556391439551888,2025-07-25,2025-08-08,0,True
HCLTECH.NS,2025-08-08,55,57,914,914,914,2021-09-27,2024-10-22,2024-10-23,2025-08-01,731,731,183,183,True,0.27768536121673004,0.25611560741995526,-0.021569753796774782,0.27768536121673004,0.25611560741995526,0.5136612021857924,0.44808743169398907,BUY,SELL,0.0,0.12,0.12,1,2,SELL,True,0.4166666666666667,0.09090909090909091,0.09615384615384616,0.019230769230769232,0.15625,0.031746031746031744,52,52,-0.12450396825396826,0.536144578313253,0.5,0.9175257731958762,0.8041237113402062,0.6768060836501901,0.616600790513834,97,97,-0.06020529313635614,0.0,0.1875,0.0,0.08823529411764706,0.0,0.12,34,34,0.12,"{""BUY"": 5, ""HOLD"": 166, ""SELL"": 12}","{""BUY"": 5, ""HOLD"": 166, ""SELL"": 12}",0.31580187037138313,30,"{""BUY"": 16, ""HOLD"": 156, ""SELL"": 11}","{""BUY"": 16, ""HOLD"": 156, ""SELL"": 11}",0.32263889250914146,30,5,22,0.006837022137758331,2025-08-01,2025-08-08,0,True
HDFCBANK.NS,2025-08-08,55,57,432,432,432,2023-09-26,2025-03-12,2025-03-13,2025-07-25,345,345,87,87,True,0.33001883239171376,0.3006933542647829,-0.02932547812693087,0.33001883239171376,0.3006933542647829,0.39080459770114945,0.39080459770114945,HOLD,HOLD,0.2033898305084746,0.04081632653061224,-0.16257350397786235,2,1,HOLD,True,0.2222222222222222,0.2857142857142857,0.3333333333333333,0.3333333333333333,0.26666666666666666,0.3076923076923077,6,6,0.041025641025641046,0.4,0.2,0.13636363636363635,0.022727272727272728,0.2033898305084746,0.04081632653061224,44,44,-0.16257350397786235,0.4126984126984127,0.41333333333333333,0.7027027027027027,0.8378378378378378,0.52,0.5535714285714286,37,37,0.033571428571428585,"{""BUY"": 63, ""HOLD"": 15, ""SELL"": 9}","{""BUY"": 63, ""HOLD"": 15, ""SELL"": 9}",0.3169375380460915,75,"{""BUY"": 75, ""HOLD"": 5, ""SELL"": 7}","{""BUY"": 75, ""HOLD"": 5, ""SELL"": 7}",0.32782936105029387,75,10,24,0.010891823004202383,2025-07-25,2025-08-08,0,True
HDFCLIFE.NS,2025-08-08,55,57,909,909,909,2021-09-27,2024-10-16,2024-10-17,2025-07-25,727,727,182,182,True,0.23217116345757774,0.24188854044969155,0.009717376992113808,0.23217116345757774,0.24188854044969155,0.24175824175824176,0.25274725274725274,SELL,SELL,0.05504587155963303,0.05555555555555555,0.0005096839959225219,2,1,SELL,True,0.05,0.05084745762711865,0.061224489795918366,0.061224489795918366,0.05504587155963303,0.05555555555555555,49,49,0.0005096839959225219,0.4339622641509434,0.48717948717948717,0.2948717948717949,0.24358974358974358,0.3511450381679389,0.3247863247863248,78,78,-0.026358713381614107,0.2608695652173913,0.2857142857142857,0.32727272727272727,0.43636363636363634,0.2903225806451613,0.34532374100719426,55,55,0.05500116036203295,"{""BUY"": 69, ""HOLD"": 53, ""SELL"": 60}","{""BUY"": 69, ""HOLD"": 53, ""SELL"": 60}",0.3079902269611323,75,"{""BUY"": 84, ""HOLD"": 39, ""SELL"": 59}","{""BUY"": 84, ""HOLD"": 39, ""SELL"": 59}",0.325670317518579,75,10,30,0.01768009055744668,2025-07-25,2025-08-08,0,True
HEROMOTOCO.NS,2025-08-08,55,57,909,909,909,2021-09-27,2024-10-16,2024-10-17,2025-07-25,727,727,182,182,True,0.2882149320505485,0.3028839704896043,0.014669038439055815,0.32150843978800964,0.32406627739510147,0.3241758241758242,0.33516483516483514,SELL,SELL,0.1095890410958904,0.13333333333333333,0.023744292237442927,2,1,,True,0.6666666666666666,0.625,0.05970149253731343,0.07462686567164178,0.1095890410958904,0.13333333333333333,67,67,0.023744292237442927,0.38461538461538464,0.3888888888888889,0.42857142857142855,0.4,0.40540540540540543,0.39436619718309857,70,70,-0.011039208222306862,0.25510204081632654,0.27450980392156865,0.5555555555555556,0.6222222222222222,0.34965034965034963,0.38095238095238093,45,45,0.0313020313020313,"{""BUY"": 98, ""HOLD"": 78, ""SELL"": 6}","{""BUY"": 79, ""HOLD"": 92, ""SELL"": 11}",0.31016369426173235,75,"{""BUY"": 102, ""HOLD"": 72, ""SELL"": 8}","{""BUY"": 86, ""HOLD"": 84, ""SELL"": 12}",0.29972235571201505,75,10,12,-0.010441338549717294,2025-07-25,2025-08-08,0,True
HINDALCO.NS,2025-08-08,55,57,909,909,909,2021-09-27,2024-10-16,2024-10-17,2025-07-25,727,727,182,182,True,0.391171959538932,0.435410230599234,0.04423827106030198,0.391171959538932,0.435410230599234,0.3901098901098901,0.43956043956043955,SELL,SELL,0.35384615384615387,0.3917525773195876,0.03790642347343376,3,0,,True,0.3333333333333333,0.5277777777777778,0.3770491803278688,0.3114754098360656,0.35384615384615387,0.3917525773195876,61,61,0.03790642347343376,0.3939393939393939,0.3815789473684211,0.4406779661016949,0.4915254237288136,0.416,0.42962962962962964,59,59,0.013629629629629658,0.46808510638297873,0.45714285714285713,0.3548387096774194,0.5161290322580645,0.4036697247706422,0.48484848484848486,62,62,0.08117876007784264,"{""BUY"": 47, ""HOLD"": 66, ""SELL"": 69}","{""BUY"": 47, ""HOLD"": 66, ""SELL"": 69}",0.3066109548771882,30,"{""BUY"": 70, ""HOLD"": 76, ""SELL"": 36}","{""BUY"": 70, ""HOLD"": 76, ""SELL"": 36}",0.28334650739097195,30,10,66,-0.023264447486216255,2025-07-25,2025-08-08,0,True
HINDUNILVR.NS,2025-08-08,55,57,909,909,909,2021-09-27,2024-10-16,2024-10-17,2025-07-25,727,727,182,182,True,0.39460983049538595,0.35279354415228387,-0.04181628634310208,0.39460983049538595,0.35279354415228387,0.42857142857142855,0.3791208791208791,BUY,BUY,0.3146067415730337,0.24719101123595505,-0.06741573033707865,1,2,,True,0.36363636363636365,0.38636363636363635,0.3018867924528302,0.32075471698113206,0.32989690721649484,0.35051546391752575,53,53,0.02061855670103091,0.4752475247524752,0.40594059405940597,0.6233766233766234,0.5324675324675324,0.5393258426966292,0.4606741573033708,77,77,-0.0786516853932584,0.3783783783783784,0.2972972972972973,0.2692307692307692,0.21153846153846154,0.3146067415730337,0.24719101123595505,52,52,-0.06741573033707865,"{""BUY"": 37, ""HOLD"": 101, ""SELL"": 44}","{""BUY"": 37, ""HOLD"": 101, ""SELL"": 44}",0.3425710769845249,75,"{""BUY"": 37, ""HOLD"": 101, ""SELL"": 44}","{""BUY"": 37, ""HOLD"": 101, ""SELL"": 44}",0.3398157687255016,75,10,0,-0.002755308259023259,2025-07-25,2025-08-08,0,True
ICICIBANK.NS,2025-08-08,55,57,909,909,909,2021-09-27,2024-10-16,2024-10-17,2025-07-25,727,727,182,182,True,0.3549367295443333,0.36032716502930073,0.005390435484967426,0.3549367295443333,0.36032716502930073,0.3626373626373626,0.36813186813186816,SELL,SELL,0.2765957446808511,0.29545454545454547,0.018858800773694395,2,1,,True,0.3170731707317073,0.37142857142857144,0.24528301886792453,0.24528301886792453,0.2765957446808511,0.29545454545454547,53,53,0.018858800773694395,0.358974358974359,0.3448275862068966,0.4,0.42857142857142855,0.3783783783783784,0.3821656050955414,70,70,0.003787226717163028,0.3968253968253968,0.4,0.423728813559322,0.4067796610169492,0.4098360655737705,0.40336134453781514,59,59,-0.006474721035955366,"{""BUY"": 63, ""HOLD"": 78, ""SELL"": 41}","{""BUY"": 63, ""HOLD"": 78, ""SELL"": 41}",0.28899437295065333,75,"{""BUY"": 60, ""HOLD"": 87, ""SELL"": 35}","{""BUY"": 60, ""HOLD"": 87, ""SELL"": 35}",0.28433826049544925,75,10,18,-0.004656112455204087,2025-07-25,2025-08-08,0,True
INDIGO.NS,2025-08-08,55,57,909,909,909,2021-09-27,2024-10-16,2024-10-17,2025-07-25,727,727,182,182,True,0.35680276887601386,0.3315160661355601,-0.025286702740453748,0.31668228892800804,0.34787824261508477,0.4065934065934066,0.35714285714285715,SELL,SELL,0.14285714285714285,0.2247191011235955,0.08186195826645265,1,2,HOLD,True,0.1388888888888889,0.18181818181818182,0.14705882352941177,0.29411764705882354,0.14285714285714285,0.2247191011235955,34,34,0.08186195826645265,0.42857142857142855,0.38636363636363635,0.39705882352941174,0.25,0.4122137404580153,0.30357142857142855,68,68,-0.10864231188658674,0.5060240963855421,0.4578313253012048,0.525,0.475,0.5153374233128835,0.4662576687116564,80,80,-0.049079754601227044,"{""BUY"": 83, ""HOLD"": 63, ""SELL"": 36}","{""BUY"": 86, ""HOLD"": 68, ""SELL"": 28}",0.2594100020259454,30,"{""BUY"": 83, ""HOLD"": 44, ""SELL"": 55}","{""BUY"": 91, ""HOLD"": 49, ""SELL"": 42}",0.2604515658000882,30,10,38,0.0010415637741428285,2025-07-25,2025-08-08,0,True
INFY.NS,2025-08-08,55,57,911,911,911,2021-09-30,2024-10-22,2024-10-23,2025-08-01,728,728,183,183,True,0.28966875418488325,0.2791614307168909,-0.010507323467992324,0.28966875418488325,0.2791614307168909,0.4262295081967213,0.4207650273224044,SELL,SELL,0.08571428571428572,0.08571428571428572,0.0,0,2,SELL,True,0.25,0.25,0.05172413793103448,0.05172413793103448,0.08571428571428572,0.08571428571428572,58,58,0.0,0.4791666666666667,0.46938775510204084,0.7666666666666667,0.7666666666666667,0.5897435897435898,0.5822784810126582,90,90,-0.007465108730931536,0.2222222222222222,0.20833333333333334,0.17142857142857143,0.14285714285714285,0.1935483870967742,0.1694915254237288,35,35,-0.024056861673045382,"{""BUY"": 27, ""HOLD"": 144, ""SELL"": 12}","{""BUY"": 27, ""HOLD"": 144, ""SELL"": 12}",0.3330174252798709,75,"{""BUY"": 24, ""HOLD"": 147, ""SELL"": 12}","{""BUY"": 24, ""HOLD"": 147, ""SELL"": 12}",0.309714669731346,75,5,6,-0.0233027555485249,2025-08-01,2025-08-08,0,True
ITC.NS,2025-08-08,55,57,909,909,909,2021-09-27,2024-10-16,2024-10-17,2025-07-25,727,727,182,182,True,0.41712223734774273,0.4411328902248,0.02401065287705728,0.41712223734774273,0.4411328902248,0.4835164835164835,0.5,BUY,BUY,0.20253164556962025,0.25316455696202533,0.05063291139240508,3,0,,True,0.6666666666666666,0.5806451612903226,0.3404255319148936,0.3829787234042553,0.4507042253521127,0.46153846153846156,47,47,0.010834236186348878,0.5765765765765766,0.6057692307692307,0.6213592233009708,0.6116504854368932,0.5981308411214953,0.6086956521739131,103,103,0.0105648110524178,0.1702127659574468,0.2127659574468085,0.25,0.3125,0.20253164556962025,0.25316455696202533,32,32,0.05063291139240508,"{""BUY"": 47, ""HOLD"": 111, ""SELL"": 24}","{""BUY"": 47, ""HOLD"": 111, ""SELL"": 24}",0.37649876766859425,30,"{""BUY"": 47, ""HOLD"": 104, ""SELL"": 31}","{""BUY"": 47, ""HOLD"": 104, ""SELL"": 31}",0.39408630426747465,30,10,14,0.017587536598880404,2025-07-25,2025-08-08,0,True
JSWSTEEL.NS,2025-08-08,55,57,909,909,909,2021-09-27,2024-10-16,2024-10-17,2025-07-25,727,727,182,182,True,0.37198450457064663,0.33463667651905754,-0.037347828051589094,0.37198450457064663,0.33463667651905754,0.3956043956043956,0.35714285714285715,BUY,BUY,0.23853211009174313,0.19801980198019803,-0.0405123081115451,0,3,,True,0.48148148148148145,0.3488372093023256,0.325,0.375,0.3880597014925373,0.3614457831325301,40,40,-0.026613918360007205,0.40707964601769914,0.38095238095238093,0.6133333333333333,0.5333333333333333,0.48936170212765956,0.4444444444444444,75,75,-0.04491725768321514,0.30952380952380953,0.29411764705882354,0.19402985074626866,0.14925373134328357,0.23853211009174313,0.19801980198019803,67,67,-0.0405123081115451,"{""BUY"": 42, ""HOLD"": 113, ""SELL"": 27}","{""BUY"": 42, ""HOLD"": 113, ""SELL"": 27}",0.40721217114827996,30,"{""BUY"": 34, ""HOLD"": 105, ""SELL"": 43}","{""BUY"": 34, ""HOLD"": 105, ""SELL"": 43}",0.371776940621131,30,10,32,-0.035435230527148975,2025-07-25,2025-08-08,0,True
KOTAKBANK.NS,2025-08-08,55,57,909,909,909,2021-09-27,2024-10-16,2024-10-17,2025-07-25,727,727,182,182,True,0.3854990160014264,0.35340863835487496,-0.03209037764655143,0.3588247059037437,0.3852049269905733,0.3901098901098901,0.35714285714285715,SELL,SELL,0.3119266055045872,0.2962962962962963,-0.015630309208290893,0,3,,True,0.25,0.23880597014925373,0.4146341463414634,0.3902439024390244,0.3119266055045872,0.2962962962962963,41,41,-0.015630309208290893,0.5,0.4576271186440678,0.410958904109589,0.3698630136986301,0.45112781954887216,0.4090909090909091,73,73,-0.04203691045796304,0.4444444444444444,0.39285714285714285,0.35294117647058826,0.3235294117647059,0.39344262295081966,0.3548387096774194,68,68,-0.03860391327340029,"{""BUY"": 54, ""HOLD"": 60, ""SELL"": 68}","{""BUY"": 29, ""HOLD"": 89, ""SELL"": 64}",0.3248748243585591,75,"{""BUY"": 56, ""HOLD"": 59, ""SELL"": 67}","{""BUY"": 35, ""HOLD"": 80, ""SELL"": 67}",0.3449415959863376,75,10,4,0.020066771627778535,2025-07-25,2025-08-08,0,True
LT.NS,2025-08-08,55,57,909,909,909,2021-09-27,2024-10-16,2024-10-17,2025-07-25,727,727,182,182,True,0.32760942760942763,0.3743928183880833,0.046783390778655676,0.32760942760942763,0.3743928183880833,0.33516483516483514,0.3791208791208791,HOLD,SELL,0.2828282828282828,0.38,0.09717171717171719,3,0,,True,0.2857142857142857,0.34615384615384615,0.3157894736842105,0.3157894736842105,0.3,0.3302752293577982,57,57,0.030275229357798195,0.45161290322580644,0.59375,0.20588235294117646,0.27941176470588236,0.2828282828282828,0.38,68,68,0.09717171717171719,0.32954545454545453,0.32653061224489793,0.5087719298245614,0.5614035087719298,0.4,0.4129032258064516,57,57,0.01290322580645159,"{""BUY"": 88, ""HOLD"": 31, ""SELL"": 63}","{""BUY"": 88, ""HOLD"": 31, ""SELL"": 63}",0.38825130425635335,75,"{""BUY"": 98, ""HOLD"": 32, ""SELL"": 52}","{""BUY"": 98, ""HOLD"": 32, ""SELL"": 52}",0.3962435198188567,75,10,22,0.007992215562503346,2025-07-25,2025-08-08,0,True
M&M.NS,2025-08-08,55,57,909,909,909,2021-09-27,2024-10-16,2024-10-17,2025-07-25,727,727,182,182,True,0.39963657036827777,0.33256351372820886,-0.0670730566400689,0.3944856839872746,0.32857142857142857,0.3901098901098901,0.34065934065934067,BUY,SELL,0.3492063492063492,0.35374149659863946,0.004535147392290273,1,2,SELL,True,0.4857142857142857,0.42857142857142855,0.4358974358974359,0.23076923076923078,0.4594594594594595,0.3,39,39,-0.1594594594594595,0.4,0.3698630136986301,0.38095238095238093,0.32142857142857145,0.3902439024390244,0.34394904458598724,84,84,-0.046294857853037163,0.3283582089552239,0.29545454545454547,0.3728813559322034,0.4406779661016949,0.3492063492063492,0.35374149659863946,59,59,0.004535147392290273,"{""BUY"": 67, ""HOLD"": 80, ""SELL"": 35}","{""BUY"": 79, ""HOLD"": 60, ""SELL"": 43}",0.31200137622227403,75,"{""BUY"": 88, ""HOLD"": 73, ""SELL"": 21}","{""BUY"": 109, ""HOLD"": 42, ""SELL"": 31}",0.31456510170038454,75,10,42,0.0025637254781105123,2025-07-25,2025-08-08,0,True
MARUTI.NS,2025-08-08,55,57,432,432,432,2023-09-26,2025-03-12,2025-03-13,2025-07-25,345,345,87,87,True,0.37986928104575163,0.4242753623188406,0.04440608127308898,0.37986928104575163,0.4242753623188406,0.39080459770114945,0.4482758620689655,BUY,BUY,0.3333333333333333,0.34782608695652173,0.014492753623188415,3,0,,True,0.24324324324324326,0.2647058823529412,0.6428571428571429,0.6428571428571429,0.35294117647058826,0.375,14,14,0.022058823529411742,0.6296296296296297,0.6875,0.3541666666666667,0.4583333333333333,0.4533333333333333,0.55,48,48,0.09666666666666673,0.34782608695652173,0.38095238095238093,0.32,0.32,0.3333333333333333,0.34782608695652173,25,25,0.014492753623188415,"{""BUY"": 23, ""HOLD"": 27, ""SELL"": 37}","{""BUY"": 23, ""HOLD"": 27, ""SELL"": 37}",0.30132286757561616,30,"{""BUY"": 21, ""HOLD"": 32, ""SELL"": 34}","{""BUY"": 21, ""HOLD"": 32, ""SELL"": 34}",0.3182544424669825,30,10,10,0.01693157489136632,2025-07-25,2025-08-08,0,True
NESTLEIND.NS,2025-08-08,55,57,909,909,909,2021-09-27,2024-10-16,2024-10-17,2025-07-25,727,727,182,182,True,0.3213444361410626,0.3320804387877559,0.010736002646693277,0.3213444361410626,0.3320804387877559,0.4230769230769231,0.44505494505494503,BUY,BUY,0.13157894736842105,0.10810810810810811,-0.02347083926031293,2,1,,True,0.24324324324324326,0.29411764705882354,0.1875,0.20833333333333334,0.21176470588235294,0.24390243902439024,48,48,0.0321377331420373,0.525,0.536,0.7590361445783133,0.8072289156626506,0.6206896551724138,0.6442307692307693,83,83,0.02354111405835546,0.2,0.17391304347826086,0.09803921568627451,0.0784313725490196,0.13157894736842105,0.10810810810810811,51,51,-0.02347083926031293,"{""BUY"": 25, ""HOLD"": 120, ""SELL"": 37}","{""BUY"": 25, ""HOLD"": 120, ""SELL"": 37}",0.3232144935719751,30,"{""BUY"": 23, ""HOLD"": 125, ""SELL"": 34}","{""BUY"": 23, ""HOLD"": 125, ""SELL"": 34}",0.3394301320976567,30,10,10,0.016215638525681586,2025-07-25,2025-08-08,0,True
NTPC.NS,2025-08-08,55,57,914,914,914,2021-09-27,2024-10-22,2024-10-23,2025-08-01,731,731,183,183,True,0.27699317543326835,0.28447420634920634,0.007481030915937992,0.27699317543326835,0.28447420634920634,0.3005464480874317,0.32786885245901637,SELL,SELL,0.1891891891891892,0.14285714285714285,-0.04633204633204635,1,2,,True,0.4666666666666667,0.45454545454545453,0.11864406779661017,0.0847457627118644,0.1891891891891892,0.14285714285714285,59,59,-0.04633204633204635,0.4507042253521127,0.5128205128205128,0.35555555555555557,0.4444444444444444,0.39751552795031053,0.47619047619047616,90,90,0.07867494824016563,0.16494845360824742,0.1595744680851064,0.47058823529411764,0.4411764705882353,0.24427480916030533,0.234375,34,34,-0.009899809160305334,"{""BUY"": 97, ""HOLD"": 71, ""SELL"": 15}","{""BUY"": 97, ""HOLD"": 71, ""SELL"": 15}",0.3411246849948713,75,"{""BUY"": 94, ""HOLD"": 78, ""SELL"": 11}","{""BUY"": 94, ""HOLD"": 78, ""SELL"": 11}",0.3476493394941637,75,5,14,0.006524654499292404,2025-08-01,2025-08-08,0,True
ONGC.NS,2025-08-08,55,57,909,909,909,2021-09-27,2024-10-16,2024-10-17,2025-07-25,727,727,182,182,True,0.3848391875348189,0.36610508280982296,-0.018734104724995926,0.3652641124215374,0.33500962736436746,0.3956043956043956,0.37362637362637363,BUY,BUY,0.28865979381443296,0.27184466019417475,-0.016815133620258216,1,2,,True,0.4583333333333333,0.4142857142857143,0.5,0.4393939393939394,0.4782608695652174,0.4264705882352941,66,66,-0.051790281329923304,0.43859649122807015,0.4716981132075472,0.3472222222222222,0.3472222222222222,0.3875968992248062,0.4,72,72,0.012403100775193798,0.2641509433962264,0.23728813559322035,0.3181818181818182,0.3181818181818182,0.28865979381443296,0.27184466019417475,44,44,-0.016815133620258216,"{""BUY"": 53, ""HOLD"": 57, ""SELL"": 72}","{""BUY"": 59, ""HOLD"": 77, ""SELL"": 46}",0.3316645529325982,75,"{""BUY"": 59, ""HOLD"": 53, ""SELL"": 70}","{""BUY"": 65, ""HOLD"": 63, ""SELL"": 54}",0.3148100131895431,75,10,12,-0.01685453974305512,2025-07-25,2025-08-08,0,True
POWERGRID.NS,2025-08-08,55,57,914,914,914,2021-09-27,2024-10-22,2024-10-23,2025-08-01,731,731,183,183,True,0.25997221970589124,0.2607147951330839,0.0007425754271926377,0.25997221970589124,0.2607147951330839,0.29508196721311475,0.2896174863387978,SELL,SELL,0.14457831325301204,0.12658227848101267,-0.017996034771999375,1,2,,True,0.25,0.25,0.1016949152542373,0.0847457627118644,0.14457831325301204,0.12658227848101267,59,59,-0.017996034771999375,0.3673469387755102,0.36046511627906974,0.4931506849315068,0.4246575342465753,0.42105263157894735,0.389937106918239,73,73,-0.031115524660708327,0.19672131147540983,0.22077922077922077,0.23529411764705882,0.3333333333333333,0.21428571428571427,0.265625,51,51,0.051339285714285726,"{""BUY"": 61, ""HOLD"": 98, ""SELL"": 24}","{""BUY"": 61, ""HOLD"": 98, ""SELL"": 24}",0.34682164093985474,75,"{""BUY"": 77, ""HOLD"": 86, ""SELL"": 20}","{""BUY"": 77, ""HOLD"": 86, ""SELL"": 20}",0.3402873860457922,75,5,32,-0.006534254894062563,2025-08-01,2025-08-08,0,True
RELIANCE.NS,2025-08-08,55,57,906,906,906,2021-09-30,2024-10-16,2024-10-17,2025-07-25,724,724,182,182,True,0.38893194273165027,0.3966000748629525,0.007668132131302241,0.38893194273165027,0.3966000748629525,0.3901098901098901,0.3956043956043956,HOLD,HOLD,0.2689075630252101,0.34108527131782945,0.07217770829261938,1,2,,True,0.42028985507246375,0.4117647058823529,0.48333333333333334,0.4666666666666667,0.4496124031007752,0.4375,60,60,-0.012112403100775215,0.2909090909090909,0.3384615384615385,0.25,0.34375,0.2689075630252101,0.34108527131782945,64,64,0.07217770829261938,0.4482758620689655,0.4489795918367347,0.4482758620689655,0.3793103448275862,0.4482758620689655,0.411214953271028,58,58,-0.0370609087979375,"{""BUY"": 58, ""HOLD"": 55, ""SELL"": 69}","{""BUY"": 58, ""HOLD"": 55, ""SELL"": 69}",0.305513393330419,30,"{""BUY"": 49, ""HOLD"": 65, ""SELL"": 68}","{""BUY"": 49, ""HOLD"": 65, ""SELL"": 68}",0.31133156892173247,30,10,20,0.005818175591313479,2025-07-25,2025-08-08,0,True
SBILIFE.NS,2025-08-08,55,57,909,909,909,2021-09-27,2024-10-16,2024-10-17,2025-07-25,727,727,182,182,True,0.3769986295111923,0.3743518654279354,-0.0026467640832568695,0.3769986295111923,0.3743518654279354,0.43956043956043955,0.4340659340659341,BUY,BUY,0.18181818181818182,0.1794871794871795,-0.0023310023310023353,1,2,,True,0.4594594594594595,0.4722222222222222,0.3333333333333333,0.3333333333333333,0.38636363636363635,0.39080459770114945,51,51,0.004440961337513094,0.45901639344262296,0.45081967213114754,0.7272727272727273,0.7142857142857143,0.5628140703517588,0.5527638190954773,77,77,-0.01005025125628145,0.30434782608695654,0.2916666666666667,0.12962962962962962,0.12962962962962962,0.18181818181818182,0.1794871794871795,54,54,-0.0023310023310023353,"{""BUY"": 23, ""HOLD"": 122, ""SELL"": 37}","{""BUY"": 23, ""HOLD"": 122, ""SELL"": 37}",0.28728801607723575,30,"{""BUY"": 24, ""HOLD"": 122, ""SELL"": 36}","{""BUY"": 24, ""HOLD"": 122, ""SELL"": 36}",0.27719111736061947,30,10,2,-0.010096898716616287,2025-07-25,2025-08-08,0,True
SBIN.NS,2025-08-08,55,57,914,914,914,2021-09-27,2024-10-22,2024-10-23,2025-08-01,731,731,183,183,True,0.39335186811042827,0.3007601065117405,-0.09259176159868776,0.3907926618206992,0.28750072451167913,0.453551912568306,0.37158469945355194,SELL,SELL,0.25,0.12345679012345678,-0.12654320987654322,0,3,SELL,True,0.3448275862068966,0.16666666666666666,0.19607843137254902,0.09803921568627451,0.25,0.12345679012345678,51,51,-0.12654320987654322,0.48333333333333334,0.4369747899159664,0.7160493827160493,0.6419753086419753,0.5771144278606966,0.52,81,81,-0.05711442786069654,0.4411764705882353,0.3235294117647059,0.29411764705882354,0.21568627450980393,0.35294117647058826,0.25882352941176473,51,51,-0.09411764705882353,"{""BUY"": 34, ""HOLD"": 120, ""SELL"": 29}","{""BUY"": 21, ""HOLD"": 133, ""SELL"": 29}",0.3242101011518221,75,"{""BUY"": 34, ""HOLD"": 119, ""SELL"": 30}","{""BUY"": 21, ""HOLD"": 132, ""SELL"": 30}",0.3362350821929751,75,5,2,0.012024981041153016,2025-08-01,2025-08-08,0,True
SUNPHARMA.NS,2025-08-08,55,57,909,909,909,2021-09-27,2024-10-16,2024-10-17,2025-07-25,727,727,182,182,True,0.3769804027690613,0.42261008846965264,0.04562968570059134,0.3769804027690613,0.42261008846965264,0.3791208791208791,0.4230769230769231,BUY,BUY,0.2831858407079646,0.3389830508474576,0.055797210139493014,3,0,,True,0.5609756097560976,0.696969696969697,0.35384615384615387,0.35384615384615387,0.4339622641509434,0.46938775510204084,65,65,0.03542549095109743,0.45454545454545453,0.4927536231884058,0.379746835443038,0.43037974683544306,0.41379310344827586,0.4594594594594595,79,79,0.04566635601118363,0.21333333333333335,0.25,0.42105263157894735,0.5263157894736842,0.2831858407079646,0.3389830508474576,38,38,0.055797210139493014,"{""BUY"": 75, ""HOLD"": 66, ""SELL"": 41}","{""BUY"": 75, ""HOLD"": 66, ""SELL"": 41}",0.38503174158735903,75,"{""BUY"": 80, ""HOLD"": 69, ""SELL"": 33}","{""BUY"": 80, ""HOLD"": 69, ""SELL"": 33}",0.38357162283730994,75,10,16,-0.0014601187500490886,2025-07-25,2025-08-08,0,True
TATACONSUM.NS,2025-08-08,55,57,909,909,909,2021-09-27,2024-10-16,2024-10-17,2025-07-25,727,727,182,182,True,0.2762330592470639,0.27345293423109324,-0.002780125015970636,0.28408180476491673,0.28287260494368877,0.29120879120879123,0.2857142857142857,BUY,BUY,0.13592233009708737,0.14035087719298245,0.0044285470958950746,2,1,,True,0.25757575757575757,0.25,0.3617021276595745,0.2978723404255319,0.3008849557522124,0.27184466019417475,47,47,-0.029040295558037665,0.453125,0.47619047619047616,0.34523809523809523,0.35714285714285715,0.3918918918918919,0.40816326530612246,84,84,0.016271373414230572,0.1346153846153846,0.12698412698412698,0.13725490196078433,0.1568627450980392,0.13592233009708737,0.14035087719298245,51,51,0.0044285470958950746,"{""BUY"": 52, ""HOLD"": 64, ""SELL"": 66}","{""BUY"": 42, ""HOLD"": 102, ""SELL"": 38}",0.342627548475284,30,"{""BUY"": 63, ""HOLD"": 63, ""SELL"": 56}","{""BUY"": 55, ""HOLD"": 88, ""SELL"": 39}",0.33195520004004936,30,10,22,-0.010672348435234624,2025-07-25,2025-08-08,0,True
TATASTEEL.NS,2025-08-08,55,57,909,909,909,2021-09-27,2024-10-16,2024-10-17,2025-07-25,727,727,182,182,True,0.48734839517609324,0.48864231264231267,0.0012939174662194297,0.4389738875391249,0.4055916459231376,0.4835164835164835,0.4835164835164835,HOLD,HOLD,0.4444444444444444,0.43243243243243246,-0.012012012012011963,1,2,,True,0.5869565217391305,0.6571428571428571,0.48214285714285715,0.4107142857142857,0.5294117647058824,0.5054945054945055,56,56,-0.023917259211376884,0.38961038961038963,0.35555555555555557,0.5172413793103449,0.5517241379310345,0.4444444444444444,0.43243243243243246,58,58,-0.012012012012011963,0.5254237288135594,0.5789473684210527,0.45588235294117646,0.4852941176470588,0.4881889763779528,0.528,68,68,0.03981102362204725,"{""BUY"": 59, ""HOLD"": 77, ""SELL"": 46}","{""BUY"": 29, ""HOLD"": 99, ""SELL"": 54}",0.3797748049718065,75,"{""BUY"": 57, ""HOLD"": 90, ""SELL"": 35}","{""BUY"": 23, ""HOLD"": 123, ""SELL"": 36}",0.37231488648500466,75,10,26,-0.007459918486801831,2025-07-25,2025-08-08,0,True
TCS.NS,2025-08-08,55,57,909,909,909,2021-09-27,2024-10-16,2024-10-17,2025-07-25,727,727,182,182,True,0.3106349120886352,0.2871723774638817,-0.023462534624753506,0.3106349120886352,0.2871723774638817,0.3131868131868132,0.2967032967032967,SELL,BUY,0.2764227642276423,0.2831858407079646,0.0067630764803223165,1,2,,True,0.3953488372093023,0.48484848484848486,0.2125,0.2,0.2764227642276423,0.2831858407079646,80,80,0.0067630764803223165,0.26804123711340205,0.25961538461538464,0.48148148148148145,0.5,0.3443708609271523,0.34177215189873417,54,54,-0.0025987090284181336,0.3333333333333333,0.24444444444444444,0.2916666666666667,0.22916666666666666,0.3111111111111111,0.23655913978494625,48,48,-0.07455197132616487,"{""BUY"": 42, ""HOLD"": 97, ""SELL"": 43}","{""BUY"": 42, ""HOLD"": 97, ""SELL"": 43}",0.29620057333686484,30,"{""BUY"": 45, ""HOLD"": 104, ""SELL"": 33}","{""BUY"": 45, ""HOLD"": 104, ""SELL"": 33}",0.30762109079815997,30,10,20,0.011420517461295132,2025-07-25,2025-08-08,0,True
TECHM.NS,2025-08-08,55,57,909,909,909,2021-09-27,2024-10-16,2024-10-17,2025-07-25,727,727,182,182,True,0.3877445527524102,0.41714066287469703,0.029396110122286823,0.3877445527524102,0.41714066287469703,0.3956043956043956,0.4175824175824176,BUY,BUY,0.3373493975903614,0.4117647058823529,0.0744153082919915,2,1,,True,0.42028985507246375,0.4745762711864407,0.3918918918918919,0.3783783783783784,0.40559440559440557,0.42105263157894735,74,74,0.015458225984541774,0.3670886075949367,0.38571428571428573,0.4915254237288136,0.4576271186440678,0.42028985507246375,0.4186046511627907,59,59,-0.0016852039096730276,0.4117647058823529,0.39622641509433965,0.2857142857142857,0.42857142857142855,0.3373493975903614,0.4117647058823529,49,49,0.0744153082919915,"{""BUY"": 34, ""HOLD"": 79, ""SELL"": 69}","{""BUY"": 34, ""HOLD"": 79, ""SELL"": 69}",0.2987797216369916,75,"{""BUY"": 53, ""HOLD"": 70, ""SELL"": 59}","{""BUY"": 53, ""HOLD"": 70, ""SELL"": 59}",0.30134239030277743,75,10,38,0.0025626686657858055,2025-07-25,2025-08-08,0,True
TITAN.NS,2025-08-08,55,57,909,909,909,2021-09-27,2024-10-16,2024-10-17,2025-07-25,727,727,182,182,True,0.3162175091080184,0.27218532077466245,-0.044032188333355926,0.3162175091080184,0.27218532077466245,0.3131868131868132,0.2857142857142857,BUY,BUY,0.23880597014925373,0.21487603305785125,-0.02392993709140248,1,2,HOLD,True,0.3380281690140845,0.3020833333333333,0.4,0.48333333333333334,0.366412213740458,0.3717948717948718,60,60,0.005382658054413791,0.4473684210526316,0.38461538461538464,0.2786885245901639,0.16393442622950818,0.3434343434343434,0.22988505747126436,61,61,-0.11354928596307906,0.2191780821917808,0.21666666666666667,0.26229508196721313,0.21311475409836064,0.23880597014925373,0.21487603305785125,61,61,-0.02392993709140248,"{""BUY"": 73, ""HOLD"": 38, ""SELL"": 71}","{""BUY"": 73, ""HOLD"": 38, ""SELL"": 71}",0.318572842986844,75,"{""BUY"": 60, ""HOLD"": 26, ""SELL"": 96}","{""BUY"": 60, ""HOLD"": 26, ""SELL"": 96}",0.3140428659747023,75,10,50,-0.004529977012141695,2025-07-25,2025-08-08,0,True
TRENT.NS,2025-08-08,55,57,909,909,909,2021-09-27,2024-10-16,2024-10-17,2025-07-25,727,727,182,182,True,0.2710779681444047,0.25067101226993865,-0.02040695587446606,0.2710779681444047,0.25067101226993865,0.2967032967032967,0.3021978021978022,SELL,SELL,0.13157894736842105,0.0,-0.13157894736842105,2,1,SELL,True,0.5555555555555556,0.0,0.07462686567164178,0.0,0.13157894736842105,0.0,67,67,-0.13157894736842105,0.43902439024390244,0.359375,0.28125,0.359375,0.34285714285714286,0.359375,64,64,0.01651785714285714,0.23484848484848486,0.2857142857142857,0.6078431372549019,0.6274509803921569,0.33879781420765026,0.39263803680981596,51,51,0.0538402226021657,"{""BUY"": 132, ""HOLD"": 41, ""SELL"": 9}","{""BUY"": 132, ""HOLD"": 41, ""SELL"": 9}",0.2923631663640515,30,"{""BUY"": 112, ""HOLD"": 64, ""SELL"": 6}","{""BUY"": 112, ""HOLD"": 64, ""SELL"": 6}",0.28156909499932264,30,10,46,-0.010794071364728874,2025-07-25,2025-08-08,0,True
ULTRACEMCO.NS,2025-08-08,55,57,909,909,909,2021-09-27,2024-10-16,2024-10-17,2025-07-25,727,727,182,182,True,0.3636740956072351,0.29905126720413344,-0.06462282840310168,0.3636740956072351,0.29905126720413344,0.3791208791208791,0.3241758241758242,SELL,SELL,0.2558139534883721,0.18181818181818182,-0.07399577167019028,0,3,BUY,True,0.28205128205128205,0.23333333333333334,0.23404255319148937,0.14893617021276595,0.2558139534883721,0.18181818181818182,47,47,-0.07399577167019028,0.4025974025974026,0.38095238095238093,0.4246575342465753,0.4383561643835616,0.41333333333333333,0.40764331210191085,73,73,-0.005690021231422482,0.4090909090909091,0.29411764705882354,0.43548387096774194,0.3225806451612903,0.421875,0.3076923076923077,62,62,-0.11418269230769229,"{""BUY"": 66, ""HOLD"": 77, ""SELL"": 39}","{""BUY"": 66, ""HOLD"": 77, ""SELL"": 39}",0.40469291976030325,75,"{""BUY"": 68, ""HOLD"": 84, ""SELL"": 30}","{""BUY"": 68, ""HOLD"": 84, ""SELL"": 30}",0.3820603335568891,75,10,18,-0.02263258620341413,2025-07-25,2025-08-08,0,True
WIPRO.NS,2025-08-08,55,57,914,914,914,2021-09-27,2024-10-22,2024-10-23,2025-08-01,731,731,183,183,True,0.27203269367448474,0.32491582491582494,0.0528831312413402,0.27203269367448474,0.32491582491582494,0.5355191256830601,0.5409836065573771,BUY,SELL,0.0,0.16666666666666666,0.16666666666666666,2,1,,True,0.17647058823529413,0.2,0.07692307692307693,0.07692307692307693,0.10714285714285714,0.1111111111111111,39,39,0.003968253968253968,0.5792682926829268,0.575,0.9134615384615384,0.8846153846153846,0.7089552238805971,0.696969696969697,104,104,-0.011985526910900046,0.0,0.5,0.0,0.1,0.0,0.16666666666666666,40,40,0.16666666666666666,"{""BUY"": 2, ""HOLD"": 164, ""SELL"": 17}","{""BUY"": 2, ""HOLD"": 164, ""SELL"": 17}",0.3596375911785395,75,"{""BUY"": 8, ""HOLD"": 160, ""SELL"": 15}","{""BUY"": 8, ""HOLD"": 160, ""SELL"": 15}",0.3703618013824733,75,5,12,0.010724210203933826,2025-08-01,2025-08-08,0,True
ADANIENT.NS,2025-11-10,55,57,969,969,969,2021-09-27,2024-12-27,2024-12-30,2025-10-24,775,775,194,194,True,0.35619066931026194,0.32354704471716744,-0.0326436245930945,0.35619066931026194,0.32354704471716744,0.36082474226804123,0.3402061855670103,BUY,BUY,0.3157894736842105,0.20833333333333334,-0.10745614035087717,2,1,BUY,True,0.34444444444444444,0.3402061855670103,0.5535714285714286,0.5892857142857143,0.4246575342465753,0.43137254901960786,56,56,0.006715014773032546,0.4117647058823529,0.3709677419354839,0.2727272727272727,0.2987012987012987,0.328125,0.33093525179856115,77,77,0.0028102517985611475,0.33962264150943394,0.2857142857142857,0.29508196721311475,0.16393442622950818,0.3157894736842105,0.20833333333333334,61,61,-0.10745614035087717,"{""BUY"": 53, ""HOLD"": 51, ""SELL"": 90}","{""BUY"": 53, ""HOLD"": 51, ""SELL"": 90}",0.3465845252670232,75,"{""BUY"": 35, ""HOLD"": 62, ""SELL"": 97}","{""BUY"": 35, ""HOLD"": 62, ""SELL"": 97}",0.35218943597424185,75,10,36,0.0056049107072186355,2025-10-24,2025-11-10,0,True
ADANIPORTS.NS,2025-11-10,55,57,969,969,969,2021-09-27,2024-12-27,2024-12-30,2025-10-24,775,775,194,194,True,0.3769214198662052,0.32871219894595194,-0.04820922092025326,0.33377601073991836,0.3221413500498849,0.3917525773195876,0.33505154639175255,SELL,BUY,0.30303030303030304,0.3548387096774194,0.051808406647116334,1,2,BUY,True,0.3125,0.3013698630136986,0.29411764705882354,0.43137254901960786,0.30303030303030304,0.3548387096774194,51,51,0.051808406647116334,0.38613861386138615,0.35714285714285715,0.6290322580645161,0.4838709677419355,0.4785276073619632,0.410958904109589,62,62,-0.06756870325237418,0.4888888888888889,0.35135135135135137,0.2716049382716049,0.16049382716049382,0.3492063492063492,0.22033898305084745,81,81,-0.12886736615550173,"{""BUY"": 45, ""HOLD"": 101, ""SELL"": 48}","{""BUY"": 19, ""HOLD"": 119, ""SELL"": 56}",0.34388654738702074,75,"{""BUY"": 37, ""HOLD"": 84, ""SELL"": 73}","{""BUY"": 26, ""HOLD"": 91, ""SELL"": 77}",0.34133454574617306,75,10,50,-0.0025520016408476787,2025-10-24,2025-11-10,0,True
APOLLOHOSP.NS,2025-11-10,55,57,969,969,969,2021-09-27,2024-12-27,2024-12-30,2025-10-24,775,775,194,194,True,0.27490689340172864,0.28624534478193014,0.011338451380201509,0.22709543850765215,0.23565615670878826,0.29896907216494845,0.3247422680412371,BUY,BUY,0.14953271028037382,0.1981981981981982,0.04866548791782438,2,1,,True,0.3023255813953488,0.2647058823529412,0.2708333333333333,0.1875,0.2857142857142857,0.21951219512195122,48,48,-0.06620209059233448,0.3333333333333333,0.3706896551724138,0.46835443037974683,0.5443037974683544,0.3894736842105263,0.441025641025641,79,79,0.05155195681511471,0.2,0.25,0.11940298507462686,0.16417910447761194,0.14953271028037382,0.1981981981981982,67,67,0.04866548791782438,"{""BUY"": 40, ""HOLD"": 111, ""SELL"": 43}","{""BUY"": 42, ""HOLD"": 133, ""SELL"": 19}",0.32141003798296935,75,"{""BUY"": 44, ""HOLD"": 116, ""SELL"": 34}","{""BUY"": 47, ""HOLD"": 129, ""SELL"": 18}",0.3398446476026524,75,10,18,0.018434609619683073,2025-10-24,2025-11-10,0,True
ASIANPAINT.NS,2025-11-10,55,57,969,969,969,2021-09-27,2024-12-27,2024-12-30,2025-10-24,775,775,194,194,True,0.35289206917113897,0.37984322508398655,0.02695115591284758,0.35289206917113897,0.37984322508398655,0.39690721649484534,0.41237113402061853,BUY,BUY,0.11627906976744186,0.2553191489361702,0.13904007916872835,2,1,,True,0.34146341463414637,0.30303030303030304,0.5833333333333334,0.4166666666666667,0.4307692307692308,0.3508771929824561,48,48,-0.07989203778677467,0.4536082474226804,0.45714285714285713,0.5866666666666667,0.64,0.5116279069767442,0.5333333333333333,75,75,0.02170542635658912,0.3333333333333333,0.5217391304347826,0.07042253521126761,0.16901408450704225,0.11627906976744186,0.2553191489361702,71,71,0.13904007916872835,"{""BUY"": 15, ""HOLD"": 97, ""SELL"": 82}","{""BUY"": 15, ""HOLD"": 97, ""SELL"": 82}",0.3455185176146406,75,"{""BUY"": 23, ""HOLD"": 105, ""SELL"": 66}","{""BUY"": 23, ""HOLD"": 105, ""SELL"": 66}",0.36216947978568703,75,10,32,0.016650962171046446,2025-10-24,2025-11-10,0,True
AXISBANK.NS,2025-11-10,55,57,969,969,969,2021-09-27,2024-12-27,2024-12-30,2025-10-24,775,775,194,194,True,0.37389928871277506,0.4243121464864346,0.05041285777365956,0.37389928871277506,0.4243121464864346,0.37628865979381443,0.42783505154639173,SELL,SELL,0.2926829268292683,0.36065573770491804,0.06797281087564977,3,0,,True,0.25,0.30985915492957744,0.35294117647058826,0.43137254901960786,0.2926829268292683,0.36065573770491804,51,51,0.06797281087564977,0.4050632911392405,0.46153846153846156,0.43243243243243246,0.4864864864864865,0.41830065359477125,0.47368421052631576,74,74,0.05538355693154451,0.5348837209302325,0.5555555555555556,0.3333333333333333,0.36231884057971014,0.4107142857142857,0.43859649122807015,69,69,0.027882205513784453,"{""BUY"": 43, ""HOLD"": 79, ""SELL"": 72}","{""BUY"": 43, ""HOLD"": 79, ""SELL"": 72}",0.36204336797986486,75,"{""BUY"": 45, ""HOLD"": 78, ""SELL"": 71}","{""BUY"": 45, ""HOLD"": 78, ""SELL"": 71}",0.3550377530783132,75,10,4,-0.00700561490155166,2025-10-24,2025-11-10,0,True
BAJAJ-AUTO.NS,2025-11-10,55,57,969,969,969,2021-09-27,2024-12-27,2024-12-30,2025-10-24,775,775,194,194,True,0.3154738104758097,0.3316730053572159,0.016199194881406198,0.3154738104758097,0.3316730053572159,0.4072164948453608,0.4072164948453608,SELL,SELL,0.03278688524590164,0.09230769230769231,0.05952080706179067,2,1,SELL,True,0.3333333333333333,0.42857142857142855,0.017241379310344827,0.05172413793103448,0.03278688524590164,0.09230769230769231,58,58,0.05952080706179067,0.41818181818181815,0.46808510638297873,0.34328358208955223,0.3283582089552239,0.3770491803278688,0.38596491228070173,67,67,0.008915731952832906,0.40441176470588236,0.38571428571428573,0.7971014492753623,0.782608695652174,0.5365853658536586,0.5167464114832536,69,69,-0.01983895437040495,"{""BUY"": 136, ""HOLD"": 55, ""SELL"": 3}","{""BUY"": 136, ""HOLD"": 55, ""SELL"": 3}",0.2804868361450737,75,"{""BUY"": 140, ""HOLD"": 47, ""SELL"": 7}","{""BUY"": 140, ""HOLD"": 47, ""SELL"": 7}",0.28984777620432256,75,10,16,0.009360940059248868,2025-10-24,2025-11-10,0,True
BAJFINANCE.NS,2025-11-10,55,57,969,969,969,2021-09-27,2024-12-27,2024-12-30,2025-10-24,775,775,194,194,True,0.2613300391610112,0.19245174301354076,-0.06887829614747046,0.2613300391610112,0.19245174301354076,0.29381443298969073,0.2268041237113402,BUY,BUY,0.07058823529411765,0.0,-0.07058823529411765,0,3,"HOLD,BUY",True,0.17073170731707318,0.1610738255033557,0.7241379310344828,0.8275862068965517,0.27631578947368424,0.2696629213483146,29,29,-0.0066528681253696376,0.532258064516129,0.4878048780487805,0.3707865168539326,0.2247191011235955,0.4370860927152318,0.3076923076923077,89,89,-0.1293937850229241,0.3333333333333333,0.0,0.039473684210526314,0.0,0.07058823529411765,0.0,76,76,-0.07058823529411765,"{""BUY"": 9, ""HOLD"": 62, ""SELL"": 123}","{""BUY"": 9, ""HOLD"": 62, ""SELL"": 123}",0.4510841736451948,75,"{""BUY"": 4, ""HOLD"": 41, ""SELL"": 149}","{""BUY"": 4, ""HOLD"": 41, ""SELL"": 149}",0.4387713794159893,75,10,52,-0.012312794229205504,2025-10-24,2025-11-10,0,True
BAJAJFINSV.NS,2025-11-10,55,57,974,974,974,2021-09-27,2025-01-03,2025-01-06,2025-10-31,779,779,195,195,True,0.34973820367444314,0.34168350168350164,-0.008054701990941493,0.34973820367444314,0.34168350168350164,0.4153846153846154,0.4153846153846154,SELL,SELL,0.20689655172413793,0.18666666666666668,-0.020229885057471253,0,3,,True,0.17647058823529413,0.1794871794871795,0.25,0.19444444444444445,0.20689655172413793,0.18666666666666668,36,36,-0.020229885057471253,0.5619047619047619,0.5504587155963303,0.5514018691588785,0.5607476635514018,0.5566037735849056,0.5555555555555556,107,107,-0.0010482180293500676,0.3333333333333333,0.2978723404255319,0.25,0.2692307692307692,0.2857142857142857,0.2828282828282828,52,52,-0.002886002886002881,"{""BUY"": 39, ""HOLD"": 105, ""SELL"": 51}","{""BUY"": 39, ""HOLD"": 105, ""SELL"": 51}",0.3068868579007862,75,"{""BUY"": 47, ""HOLD"": 109, ""SELL"": 39}","{""BUY"": 47, ""HOLD"": 109, ""SELL"": 39}",0.2913624360730176,75,5,24,-0.015524421827768586,2025-10-31,2025-11-10,0,True
BEL.NS,2025-11-10,55,57,969,969,969,2021-09-27,2024-12-27,2024-12-30,2025-10-24,775,775,194,194,True,0.290052035506581,0.3387021475256769,0.048650112019095915,0.290052035506581,0.3387021475256769,0.29896907216494845,0.36082474226804123,SELL,SELL,0.2222222222222222,0.21428571428571427,-0.007936507936507936,2,1,,True,0.18840579710144928,0.25,0.2708333333333333,0.1875,0.2222222222222222,0.21428571428571427,48,48,-0.007936507936507936,0.25,0.36,0.2459016393442623,0.4426229508196721,0.24793388429752067,0.39705882352941174,61,61,0.14912493923189107,0.46153846153846156,0.40963855421686746,0.35294117647058826,0.4,0.4,0.40476190476190477,85,85,0.004761904761904745,"{""BUY"": 65, ""HOLD"": 60, ""SELL"": 69}","{""BUY"": 65, ""HOLD"": 60, ""SELL"": 69}",0.2900529448429699,75,"{""BUY"": 83, ""HOLD"": 75, ""SELL"": 36}","{""BUY"": 83, ""HOLD"": 75, ""SELL"": 36}",0.28665568012503395,75,10,66,-0.003397264717935944,2025-10-24,2025-11-10,0,True
BHARTIARTL.NS,2025-11-10,55,57,969,969,969,2021-09-27,2024-12-27,2024-12-30,2025-10-24,775,775,194,194,True,0.3559262878682117,0.3353004907271684,-0.02062579714104329,0.3559262878682117,0.3353004907271684,0.39690721649484534,0.3865979381443299,SELL,SELL,0.2692307692307692,0.19607843137254902,-0.0731523378582202,1,2,,True,0.3684210526315789,0.2777777777777778,0.21212121212121213,0.15151515151515152,0.2692307692307692,0.19607843137254902,33,33,-0.0731523378582202,0.4188034188034188,0.42201834862385323,0.5697674418604651,0.5348837209302325,0.4827586206896552,0.4717948717948718,86,86,-0.01096374889478341,0.3620689655172414,0.3582089552238806,0.28,0.32,0.3157894736842105,0.3380281690140845,75,75,0.022238695329873992,"{""BUY"": 58, ""HOLD"": 117, ""SELL"": 19}","{""BUY"": 58, ""HOLD"": 117, ""SELL"": 19}",0.29916284077083644,75,"{""BUY"": 67, ""HOLD"": 109, ""SELL"": 18}","{""BUY"": 67, ""HOLD"": 109, ""SELL"": 18}",0.3199524923231789,75,10,18,0.02078965155234247,2025-10-24,2025-11-10,0,True
BRITANNIA.NS,2025-11-10,55,57,969,969,969,2021-09-27,2024-12-27,2024-12-30,2025-10-24,775,775,194,194,True,0.3594243579964404,0.33946528234749335,-0.019959075648947056,0.37348613935762837,0.31509526068346855,0.3917525773195876,0.35051546391752575,BUY,SELL,0.256,0.28368794326241137,0.027687943262411363,2,1,,True,0.24,0.23636363636363636,0.2857142857142857,0.30952380952380953,0.2608695652173913,0.26804123711340205,42,42,0.007171671896010756,0.5647058823529412,0.546875,0.5581395348837209,0.4069767441860465,0.5614035087719298,0.4666666666666667,86,86,-0.09473684210526312,0.2711864406779661,0.26666666666666666,0.24242424242424243,0.30303030303030304,0.256,0.28368794326241137,66,66,0.027687943262411363,"{""BUY"": 59, ""HOLD"": 85, ""SELL"": 50}","{""BUY"": 47, ""HOLD"": 98, ""SELL"": 49}",0.34650379124519237,75,"{""BUY"": 75, ""HOLD"": 64, ""SELL"": 55}","{""BUY"": 50, ""HOLD"": 93, ""SELL"": 51}",0.3682552288906948,75,10,42,0.021751437645502414,2025-10-24,2025-11-10,0,True
CIPLA.NS,2025-11-10,55,57,969,969,969,2021-09-27,2024-12-27,2024-12-30,2025-10-24,775,775,194,194,True,0.3340556624792778,0.36406421680852735,0.030008554329249537,0.3691150954308849,0.38513018835004414,0.37628865979381443,0.39690721649484534,BUY,BUY,0.13513513513513514,0.1927710843373494,0.057635949202214265,3,0,,True,0.34615384615384615,0.36036036036036034,0.7058823529411765,0.7843137254901961,0.4645161290322581,0.49382716049382713,51,51,0.029311031461569048,0.4444444444444444,0.5178571428571429,0.367816091954023,0.3333333333333333,0.4025157232704403,0.40559440559440557,87,87,0.0030786823239652983,0.2777777777777778,0.2962962962962963,0.08928571428571429,0.14285714285714285,0.13513513513513514,0.1927710843373494,56,56,0.057635949202214265,"{""BUY"": 18, ""HOLD"": 72, ""SELL"": 104}","{""BUY"": 20, ""HOLD"": 95, ""SELL"": 79}",0.3056561625977364,75,"{""BUY"": 27, ""HOLD"": 56, ""SELL"": 111}","{""BUY"": 33, ""HOLD"": 78, ""SELL"": 83}",0.30109633429371696,75,10,32,-0.004559828304019464,2025-10-24,2025-11-10,0,True
COALINDIA.NS,2025-11-10,55,57,969,969,969,2021-09-27,2024-12-27,2024-12-30,2025-10-24,775,775,194,194,True,0.30880328422926956,0.33969795037756195,0.030894666148292393,0.30880328422926956,0.33969795037756195,0.3247422680412371,0.35051546391752575,SELL,HOLD,0.23404255319148937,0.36666666666666664,0.13262411347517727,2,1,,True,0.3055555555555556,0.3548387096774194,0.1896551724137931,0.3793103448275862,0.23404255319148937,0.36666666666666664,58,58,0.13262411347517727,0.4090909090909091,0.41935483870967744,0.25,0.18055555555555555,0.3103448275862069,0.2524271844660194,72,72,-0.05791764312018749,0.2982456140350877,0.32673267326732675,0.53125,0.515625,0.38202247191011235,0.4,64,64,0.017977528089887673,"{""BUY"": 114, ""HOLD"": 44, ""SELL"": 36}","{""BUY"": 114, ""HOLD"": 44, ""SELL"": 36}",0.3199012070889743,30,"{""BUY"": 101, ""HOLD"": 31, ""SELL"": 62}","{""BUY"": 101, ""HOLD"": 31, ""SELL"": 62}",0.3213731110057814,30,10,52,0.0014719039168071268,2025-10-24,2025-11-10,0,True
DRREDDY.NS,2025-11-10,55,57,969,969,969,2021-09-27,2024-12-27,2024-12-30,2025-10-24,775,775,194,194,True,0.3840059656972408,0.3684477465853984,-0.015558219111842408,0.3591946986056383,0.36673183447376995,0.3865979381443299,0.38144329896907214,SELL,BUY,0.3333333333333333,0.3508771929824561,0.017543859649122806,2,1,BUY,True,0.475,0.5,0.25675675675675674,0.2702702702702703,0.3333333333333333,0.3508771929824561,74,74,0.017543859649122806,0.33707865168539325,0.3486238532110092,0.5,0.6333333333333333,0.40268456375838924,0.44970414201183434,60,60,0.047019578253445105,0.4,0.35555555555555557,0.43333333333333335,0.26666666666666666,0.416,0.3047619047619048,60,60,-0.11123809523809519,"{""BUY"": 65, ""HOLD"": 89, ""SELL"": 40}","{""BUY"": 78, ""HOLD"": 64, ""SELL"": 52}",0.35384060117852756,75,"{""BUY"": 45, ""HOLD"": 109, ""SELL"": 40}","{""BUY"": 72, ""HOLD"": 72, ""SELL"": 50}",0.32467896480774583,75,10,40,-0.02916163637078173,2025-10-24,2025-11-10,0,True
EICHERMOT.NS,2025-11-10,55,57,969,969,969,2021-09-27,2024-12-27,2024-12-30,2025-10-24,775,775,194,194,True,0.2727780392342581,0.26882717581606547,-0.003950863418192618,0.25527777777777777,0.2626110731373889,0.30412371134020616,0.29381443298969073,BUY,BUY,0.08247422680412371,0.08695652173913043,0.004482294935006723,1,2,BUY,True,0.19148936170212766,0.1810344827586207,0.5142857142857142,0.6,0.27906976744186046,0.2781456953642384,35,35,-0.0009240720776220734,0.4157303370786517,0.4444444444444444,0.5068493150684932,0.4383561643835616,0.4567901234567901,0.4413793103448276,73,73,-0.015410813111962518,0.36363636363636365,0.6666666666666666,0.046511627906976744,0.046511627906976744,0.08247422680412371,0.08695652173913043,86,86,0.004482294935006723,"{""BUY"": 11, ""HOLD"": 89, ""SELL"": 94}","{""BUY"": 14, ""HOLD"": 119, ""SELL"": 61}",0.32248642831966134,75,"{""BUY"": 6, ""HOLD"": 72, ""SELL"": 116}","{""BUY"": 9, ""HOLD"": 136, ""SELL"": 49}",0.31459536186293147,75,10,44,-0.007891066456729878,2025-10-24,2025-11-10,0,True
GRASIM.NS,2025-11-10,55,57,969,969,969,2021-09-27,2024-12-27,2024-12-30,2025-10-24,775,775,194,194,True,0.31986047525615874,0.3250773103200288,0.005216835063870051,0.35446702754635556,0.31292446803282714,0.3247422680412371,0.33505154639175255,SELL,SELL,0.2545454545454545,0.23300970873786409,-0.021535745807590434,2,1,,True,0.2153846153846154,0.20689655172413793,0.3111111111111111,0.26666666666666666,0.2545454545454545,0.23300970873786409,45,45,-0.021535745807590434,0.36507936507936506,0.4067796610169492,0.3026315789473684,0.3157894736842105,0.33093525179856115,0.35555555555555557,76,76,0.02462030375699442,0.3939393939393939,0.37662337662337664,0.3561643835616438,0.3972602739726027,0.37410071942446044,0.38666666666666666,73,73,0.012565947242206221,"{""BUY"": 66, ""HOLD"": 63, ""SELL"": 65}","{""BUY"": 74, ""HOLD"": 73, ""SELL"": 47}",0.32481872870650386,75,"{""BUY"": 77, ""HOLD"": 59, ""SELL"": 58}","{""BUY"": 80, ""HOLD"": 64, ""SELL"": 50}",0.33295925783896285,75,10,22,0.008140529132458996,2025-10-24,2025-11-10,0,True
HCLTECH.NS,2025-11-10,55,57,974,974,974,2021-09-27,2025-01-03,2025-01-06,2025-10-31,779,779,195,195,True,0.30567483553820574,0.3172579355434143,0.011583100005208569,0.30567483553820574,0.3172579355434143,0.5076923076923077,0.47692307692307695,BUY,BUY,0.0,0.038461538461538464,0.038461538461538464,2,1,BUY,True,0.3548387096774194,0.3870967741935484,0.19642857142857142,0.21428571428571427,0.25287356321839083,0.27586206896551724,56,56,0.02298850574712641,0.5432098765432098,0.5405405405405406,0.8543689320388349,0.7766990291262136,0.6641509433962264,0.6374501992031872,103,103,-0.02670074419303914,0.0,0.0625,0.0,0.027777777777777776,0.0,0.038461538461538464,36,36,0.038461538461538464,"{""BUY"": 2, ""HOLD"": 162, ""SELL"": 31}","{""BUY"": 2, ""HOLD"": 162, ""SELL"": 31}",0.33093689549632643,30,"{""BUY"": 16, ""HOLD"": 148, ""SELL"": 31}","{""BUY"": 16, ""HOLD"": 148, ""SELL"": 31}",0.30257174043223756,30,5,28,-0.028365155064088876,2025-10-31,2025-11-10,0,True
HDFCBANK.NS,2025-11-10,55,57,492,492,492,2023-09-26,2025-05-29,2025-05-30,2025-10-24,393,393,99,99,True,0.35872543461829176,0.4483817769532055,0.08965634233491376,0.35872543461829176,0.4483817769532055,0.40404040404040403,0.494949494949495,SELL,HOLD,0.2222222222222222,0.4090909090909091,0.1868686868686869,2,1,,True,0.4444444444444444,0.5294117647058824,0.14814814814814814,0.3333333333333333,0.2222222222222222,0.4090909090909091,27,27,0.1868686868686869,0.39285714285714285,0.6153846153846154,0.3055555555555556,0.2222222222222222,0.34375,0.32653061224489793,36,36,-0.017219387755102067,0.4032258064516129,0.463768115942029,0.6944444444444444,0.8888888888888888,0.5102040816326531,0.6095238095238096,36,36,0.0993197278911565,"{""BUY"": 62, ""HOLD"": 28, ""SELL"": 9}","{""BUY"": 62, ""HOLD"": 28, ""SELL"": 9}",0.356464882429298,75,"{""BUY"": 69, ""HOLD"": 13, ""SELL"": 17}","{""BUY"": 69, ""HOLD"": 13, ""SELL"": 17}",0.35573079017740566,75,10,30,-0.0007340922518923598,2025-10-24,2025-11-10,0,True
HDFCLIFE.NS,2025-11-10,55,57,969,969,969,2021-09-27,2024-12-27,2024-12-30,2025-10-24,775,775,194,194,True,0.27954353630718737,0.3215211802683289,0.04197764396114151,0.27954353630718737,0.3215211802683289,0.28865979381443296,0.3247422680412371,SELL,SELL,0.19130434782608696,0.1951219512195122,0.0038176033934252396,2,1,,True,0.14285714285714285,0.1411764705882353,0.2894736842105263,0.3157894736842105,0.19130434782608696,0.1951219512195122,38,38,0.0038176033934252396,0.47540983606557374,0.5294117647058824,0.32954545454545453,0.3068181818181818,0.38926174496644295,0.38848920863309355,88,88,-0.000772536333349394,0.2857142857142857,0.41379310344827586,0.23529411764705882,0.35294117647058826,0.25806451612903225,0.38095238095238093,68,68,0.12288786482334868,"{""BUY"": 56, ""HOLD"": 61, ""SELL"": 77}","{""BUY"": 56, ""HOLD"": 61, ""SELL"": 77}",0.3056144171684078,75,"{""BUY"": 58, ""HOLD"": 51, ""SELL"": 85}","{""BUY"": 58, ""HOLD"": 51, ""SELL"": 85}",0.2995909880480185,75,10,20,-0.006023429120389334,2025-10-24,2025-11-10,0,True
HEROMOTOCO.NS,2025-11-10,55,57,969,969,969,2021-09-27,2024-12-27,2024-12-30,2025-10-24,775,775,194,194,True,0.3876094520389823,0.3269303311557957,-0.06067912088318661,0.42035569413768714,0.32696800982669766,0.4175257731958763,0.36082474226804123,SELL,SELL,0.24324324324324326,0.16901408450704225,-0.074229158736201,0,3,,True,0.24324324324324326,0.17647058823529413,0.24324324324324326,0.16216216216216217,0.24324324324324326,0.16901408450704225,37,37,-0.074229158736201,0.4186046511627907,0.3448275862068966,0.45569620253164556,0.379746835443038,0.43636363636363634,0.3614457831325301,79,79,-0.07491785323110622,0.5070422535211268,0.4657534246575342,0.46153846153846156,0.4358974358974359,0.48322147651006714,0.4503311258278146,78,78,-0.032890350682252545,"{""BUY"": 71, ""HOLD"": 86, ""SELL"": 37}","{""BUY"": 51, ""HOLD"": 100, ""SELL"": 43}",0.29544256403746066,75,"{""BUY"": 73, ""HOLD"": 87, ""SELL"": 34}","{""BUY"": 66, ""HOLD"": 92, ""SELL"": 36}",0.2946231194908035,75,10,6,-0.0008194445466571665,2025-10-24,2025-11-10,0,True
HINDALCO.NS,2025-11-10,55,57,969,969,969,2021-09-27,2024-12-27,2024-12-30,2025-10-24,775,775,194,194,True,0.3387407054589717,0.3654489495517195,0.0267082440927478,0.3387407054589717,0.3654489495517195,0.3556701030927835,0.3917525773195876,HOLD,HOLD,0.2807017543859649,0.24528301886792453,-0.03541873551804037,2,1,,True,0.20833333333333334,0.27419354838709675,0.46875,0.53125,0.28846153846153844,0.3617021276595745,32,32,0.07324058919803605,0.32,0.30952380952380953,0.25,0.203125,0.2807017543859649,0.24528301886792453,64,64,-0.03541873551804037,0.5277777777777778,0.5111111111111111,0.3877551020408163,0.46938775510204084,0.4470588235294118,0.48936170212765956,98,98,0.04230287859824777,"{""BUY"": 72, ""HOLD"": 50, ""SELL"": 72}","{""BUY"": 72, ""HOLD"": 50, ""SELL"": 72}",0.3036723412239724,30,"{""BUY"": 90, ""HOLD"": 42, ""SELL"": 62}","{""BUY"": 90, ""HOLD"": 42, ""SELL"": 62}",0.2983632807821853,30,10,36,-0.0053090604417870835,2025-10-24,2025-11-10,0,True
HINDUNILVR.NS,2025-11-10,55,57,969,969,969,2021-09-27,2024-12-27,2024-12-30,2025-10-24,775,775,194,194,True,0.42081915501353667,0.3656829451061048,-0.0551362099074319,0.42081915501353667,0.3656829451061048,0.4381443298969072,0.38144329896907214,BUY,BUY,0.29473684210526313,0.21782178217821782,-0.07691505992704531,0,3,,True,0.3924050632911392,0.37333333333333335,0.6078431372549019,0.5490196078431373,0.47692307692307695,0.4444444444444444,51,51,-0.03247863247863253,0.5,0.44871794871794873,0.4819277108433735,0.42168674698795183,0.49079754601226994,0.43478260869565216,83,83,-0.056014937316617774,0.4,0.2682926829268293,0.23333333333333334,0.18333333333333332,0.29473684210526313,0.21782178217821782,60,60,-0.07691505992704531,"{""BUY"": 35, ""HOLD"": 80, ""SELL"": 79}","{""BUY"": 35, ""HOLD"": 80, ""SELL"": 79}",0.35215619769405937,75,"{""BUY"": 41, ""HOLD"": 78, ""SELL"": 75}","{""BUY"": 41, ""HOLD"": 78, ""SELL"": 75}",0.3563594029386236,75,10,12,0.004203205244564245,2025-10-24,2025-11-10,0,True
ICICIBANK.NS,2025-11-10,55,57,969,969,969,2021-09-27,2024-12-27,2024-12-30,2025-10-24,775,775,194,194,True,0.38233098960338596,0.42666905743828815,0.044338067834902184,0.38233098960338596,0.42666905743828815,0.3865979381443299,0.4329896907216495,BUY,BUY,0.30927835051546393,0.36363636363636365,0.05435801312089972,3,0,,True,0.4827586206896552,0.5,0.4375,0.4375,0.45901639344262296,0.4666666666666667,64,64,0.007650273224043713,0.3595505617977528,0.42696629213483145,0.4,0.475,0.378698224852071,0.44970414201183434,80,80,0.07100591715976334,0.3191489361702128,0.3673469387755102,0.3,0.36,0.30927835051546393,0.36363636363636365,50,50,0.05435801312089972,"{""BUY"": 47, ""HOLD"": 89, ""SELL"": 58}","{""BUY"": 47, ""HOLD"": 89, ""SELL"": 58}",0.32720398967977676,75,"{""BUY"": 49, ""HOLD"": 89, ""SELL"": 56}","{""BUY"": 49, ""HOLD"": 89, ""SELL"": 56}",0.31995998709388557,75,10,4,-0.007244002585891196,2025-10-24,2025-11-10,0,True
INDIGO.NS,2025-11-10,55,57,969,969,969,2021-09-27,2024-12-27,2024-12-30,2025-10-24,775,775,194,194,True,0.32747341056926166,0.303390575576006,-0.024082834993255642,0.2880578520431522,0.38122335461914264,0.32989690721649484,0.30927835051546393,HOLD,HOLD,0.2764227642276423,0.24761904761904763,-0.028803716608594654,0,3,,True,0.25316455696202533,0.22826086956521738,0.5,0.525,0.33613445378151263,0.3181818181818182,40,40,-0.017952635599694455,0.3695652173913043,0.4642857142857143,0.22077922077922077,0.16883116883116883,0.2764227642276423,0.24761904761904763,77,77,-0.028803716608594654,0.391304347826087,0.35135135135135137,0.35064935064935066,0.33766233766233766,0.3698630136986301,0.3443708609271523,77,77,-0.025492152771477816,"{""BUY"": 69, ""HOLD"": 46, ""SELL"": 79}","{""BUY"": 77, ""HOLD"": 78, ""SELL"": 39}",0.28705459713436965,30,"{""BUY"": 74, ""HOLD"": 28, ""SELL"": 92}","{""BUY"": 95, ""HOLD"": 46, ""SELL"": 53}",0.28138143159223655,30,10,36,-0.005673165542133096,2025-10-24,2025-11-10,0,True
INFY.NS,2025-11-10,55,57,971,971,971,2021-09-30,2025-01-03,2025-01-06,2025-10-31,776,776,195,195,True,0.33618462310297254,0.335519070301679,-0.0006655528012935452,0.33618462310297254,0.335519070301679,0.4461538461538462,0.4717948717948718,SELL,SELL,0.16470588235294117,0.16666666666666666,0.0019607843137254832,2,1,,True,0.3333333333333333,0.75,0.109375,0.09375,0.16470588235294117,0.16666666666666666,64,64,0.0019607843137254832,0.5034965034965035,0.5,0.7578947368421053,0.8315789473684211,0.6050420168067226,0.6245059288537549,95,95,0.01946391204703224,0.25806451612903225,0.2413793103448276,0.2222222222222222,0.19444444444444445,0.23880597014925373,0.2153846153846154,36,36,-0.02342135476463833,"{""BUY"": 31, ""HOLD"": 143, ""SELL"": 21}","{""BUY"": 31, ""HOLD"": 143, ""SELL"": 21}",0.3653236356038899,75,"{""BUY"": 29, ""HOLD"": 158, ""SELL"": 8}","{""BUY"": 29, ""HOLD"": 158, ""SELL"": 8}",0.3440609132717924,75,5,30,-0.021262722332097528,2025-10-31,2025-11-10,0,True
ITC.NS,2025-11-10,55,57,969,969,969,2021-09-27,2024-12-27,2024-12-30,2025-10-24,775,775,194,194,True,0.3743206206159706,0.4054144093654648,0.0310937887494942,0.3743206206159706,0.4054144093654648,0.4329896907216495,0.4484536082474227,BUY,BUY,0.23300970873786409,0.3018867924528302,0.06887708371496609,2,1,,True,0.5714285714285714,0.56,0.21818181818181817,0.2545454545454545,0.3157894736842105,0.35,55,55,0.03421052631578947,0.5357142857142857,0.5428571428571428,0.6185567010309279,0.5876288659793815,0.5741626794258373,0.5643564356435643,97,97,-0.009806243782273016,0.19672131147540983,0.25,0.2857142857142857,0.38095238095238093,0.23300970873786409,0.3018867924528302,42,42,0.06887708371496609,"{""BUY"": 61, ""HOLD"": 112, ""SELL"": 21}","{""BUY"": 61, ""HOLD"": 112, ""SELL"": 21}",0.3677514656558219,30,"{""BUY"": 64, ""HOLD"": 105, ""SELL"": 25}","{""BUY"": 64, ""HOLD"": 105, ""SELL"": 25}",0.3719734273291662,30,10,14,0.004221961673344321,2025-10-24,2025-11-10,0,True
JSWSTEEL.NS,2025-11-10,55,57,969,969,969,2021-09-27,2024-12-27,2024-12-30,2025-10-24,775,775,194,194,True,0.2449234804614262,0.2679912242301361,0.023067743768709903,0.2449234804614262,0.2679912242301361,0.29896907216494845,0.29381443298969073,BUY,BUY,0.12727272727272726,0.18045112781954886,0.0531784005468216,2,1,,True,0.1,0.15384615384615385,0.24,0.32,0.1411764705882353,0.2077922077922078,25,25,0.06661573720397251,0.40540540540540543,0.3854166666666667,0.5487804878048781,0.45121951219512196,0.46632124352331605,0.4157303370786517,82,82,-0.05059090644466435,0.30434782608695654,0.2608695652173913,0.08045977011494253,0.13793103448275862,0.12727272727272726,0.18045112781954886,87,87,0.0531784005468216,"{""BUY"": 23, ""HOLD"": 111, ""SELL"": 60}","{""BUY"": 23, ""HOLD"": 111, ""SELL"": 60}",0.38459338253035713,30,"{""BUY"": 46, ""HOLD"": 96, ""SELL"": 52}","{""BUY"": 46, ""HOLD"": 96, ""SELL"": 52}",0.35092176997750685,30,10,46,-0.03367161255285028,2025-10-24,2025-11-10,0,True
KOTAKBANK.NS,2025-11-10,55,57,969,969,969,2021-09-27,2024-12-27,2024-12-30,2025-10-24,775,775,194,194,True,0.349838137261087,0.32720981881940386,-0.022628318441683115,0.305216156923474,0.31107846973400005,0.35051546391752575,0.3402061855670103,SELL,SELL,0.2647058823529412,0.1694915254237288,-0.09521435692921237,2,1,,True,0.19148936170212766,0.13157894736842105,0.42857142857142855,0.23809523809523808,0.2647058823529412,0.1694915254237288,42,42,-0.09521435692921237,0.5892857142857143,0.5428571428571428,0.44,0.5066666666666667,0.5038167938931297,0.5241379310344828,75,75,0.020321137141353085,0.38636363636363635,0.375,0.22077922077922077,0.23376623376623376,0.2809917355371901,0.288,77,77,0.007008264462809888,"{""BUY"": 44, ""HOLD"": 56, ""SELL"": 94}","{""BUY"": 13, ""HOLD"": 100, ""SELL"": 81}",0.3721633457022132,75,"{""BUY"": 48, ""HOLD"": 70, ""SELL"": 76}","{""BUY"": 24, ""HOLD"": 104, ""SELL"": 66}",0.3620049963196095,75,10,36,-0.010158349382603737,2025-10-24,2025-11-10,0,True
LT.NS,2025-11-10,55,57,969,969,969,2021-09-27,2024-12-27,2024-12-30,2025-10-24,775,775,194,194,True,0.3797413121396291,0.37437900721699197,-0.005362304922637118,0.3797413121396291,0.37437900721699197,0.41237113402061853,0.39690721649484534,SELL,SELL,0.25806451612903225,0.25806451612903225,0.0,1,1,,True,0.3,0.3,0.22641509433962265,0.22641509433962265,0.25806451612903225,0.25806451612903225,53,53,0.0,0.47619047619047616,0.5227272727272727,0.273972602739726,0.3150684931506849,0.34782608695652173,0.39316239316239315,73,73,0.045336306205871424,0.42857142857142855,0.38181818181818183,0.7058823529411765,0.6176470588235294,0.5333333333333333,0.47191011235955055,68,68,-0.06142322097378278,"{""BUY"": 112, ""HOLD"": 42, ""SELL"": 40}","{""BUY"": 112, ""HOLD"": 42, ""SELL"": 40}",0.3987576842483374,75,"{""BUY"": 110, ""HOLD"": 44, ""SELL"": 40}","{""BUY"": 110, ""HOLD"": 44, ""SELL"": 40}",0.3947027011650135,75,10,4,-0.004054983083323915,2025-10-24,2025-11-10,0,True
M&M.NS,2025-11-10,55,57,969,969,969,2021-09-27,2024-12-27,2024-12-30,2025-10-24,775,775,194,194,True,0.3438209284978106,0.3510970877307511,0.0072761592329405045,0.3436437674927026,0.36539412967984397,0.37628865979381443,0.4175257731958763,BUY,SELL,0.24561403508771928,0.4153846153846154,0.16977058029689612,2,1,SELL,True,0.35294117647058826,0.36363636363636365,0.26666666666666666,0.08888888888888889,0.3037974683544304,0.14285714285714285,45,45,-0.16094032549728754,0.4051724137931034,0.4065040650406504,0.5949367088607594,0.6329113924050633,0.48205128205128206,0.49504950495049505,79,79,0.012998222899212986,0.3181818181818182,0.45,0.2,0.38571428571428573,0.24561403508771928,0.4153846153846154,70,70,0.16977058029689612,"{""BUY"": 44, ""HOLD"": 116, ""SELL"": 34}","{""BUY"": 48, ""HOLD"": 108, ""SELL"": 38}",0.31559977195699546,75,"{""BUY"": 60, ""HOLD"": 123, ""SELL"": 11}","{""BUY"": 77, ""HOLD"": 97, ""SELL"": 20}",0.3011135156235668,75,10,46,-0.014486256333428649,2025-10-24,2025-11-10,0,True
MARUTI.NS,2025-11-10,55,57,492,492,492,2023-09-26,2025-05-29,2025-05-30,2025-10-24,393,393,99,99,True,0.2714285714285714,0.27926028795594016,0.007831716527368748,0.2714285714285714,0.27926028795594016,0.2727272727272727,0.2828282828282828,SELL,BUY,0.25,0.2545454545454545,0.004545454545454519,2,1,,True,0.14285714285714285,0.14893617021276595,1.0,0.875,0.25,0.2545454545454545,8,8,0.004545454545454519,0.36666666666666664,0.38235294117647056,0.275,0.325,0.3142857142857143,0.35135135135135137,40,40,0.03706563706563709,0.6153846153846154,0.4444444444444444,0.1568627450980392,0.1568627450980392,0.25,0.2318840579710145,51,51,-0.018115942028985504,"{""BUY"": 13, ""HOLD"": 30, ""SELL"": 56}","{""BUY"": 13, ""HOLD"": 30, ""SELL"": 56}",0.36163456997722565,30,"{""BUY"": 18, ""HOLD"": 34, ""SELL"": 47}","{""BUY"": 18, ""HOLD"": 34, ""SELL"": 47}",0.341135055209295,30,10,18,-0.02049951476793066,2025-10-24,2025-11-10,0,True
NESTLEIND.NS,2025-11-10,55,57,969,969,969,2021-09-27,2024-12-27,2024-12-30,2025-10-24,775,775,194,194,True,0.2961594599525634,0.2640820339935384,-0.03207742595902496,0.2961594599525634,0.2640820339935384,0.41237113402061853,0.3917525773195876,BUY,BUY,0.07142857142857142,0.0,-0.07142857142857142,1,2,BUY,True,0.24242424242424243,0.17777777777777778,0.20512820512820512,0.20512820512820512,0.2222222222222222,0.19047619047619047,39,39,-0.031746031746031744,0.46,0.4722222222222222,0.8414634146341463,0.8292682926829268,0.5948275862068966,0.6017699115044248,82,82,0.006942325297528251,0.2727272727272727,0.0,0.0410958904109589,0.0,0.07142857142857142,0.0,73,73,-0.07142857142857142,"{""BUY"": 11, ""HOLD"": 150, ""SELL"": 33}","{""BUY"": 11, ""HOLD"": 150, ""SELL"": 33}",0.3417353176808983,30,"{""BUY"": 5, ""HOLD"": 144, ""SELL"": 45}","{""BUY"": 5, ""HOLD"": 144, ""SELL"": 45}",0.3479285347928703,30,10,24,0.00619321711197196,2025-10-24,2025-11-10,0,True
NTPC.NS,2025-11-10,55,57,974,974,974,2021-09-27,2025-01-03,2025-01-06,2025-10-31,779,779,195,195,True,0.29583574775824056,0.33137795485900196,0.03554220710076139,0.29583574775824056,0.33137795485900196,0.3076923076923077,0.3435897435897436,SELL,SELL,0.21782178217821782,0.24489795918367346,0.027076177005455643,3,0,,True,0.21153846153846154,0.24489795918367346,0.22448979591836735,0.24489795918367346,0.21782178217821782,0.24489795918367346,49,49,0.027076177005455643,0.44776119402985076,0.5614035087719298,0.3125,0.3333333333333333,0.36809815950920244,0.41830065359477125,96,96,0.050202494085568816,0.25,0.25842696629213485,0.38,0.46,0.30158730158730157,0.33093525179856115,50,50,0.029347950211259577,"{""BUY"": 76, ""HOLD"": 67, ""SELL"": 52}","{""BUY"": 76, ""HOLD"": 67, ""SELL"": 52}",0.3353623340598595,75,"{""BUY"": 89, ""HOLD"": 57, ""SELL"": 49}","{""BUY"": 89, ""HOLD"": 57, ""SELL"": 49}",0.33642840692978276,75,5,26,0.0010660728699232735,2025-10-31,2025-11-10,0,True
ONGC.NS,2025-11-10,55,57,969,969,969,2021-09-27,2024-12-27,2024-12-30,2025-10-24,775,775,194,194,True,0.37978505019255243,0.3890496828088688,0.009264632616316382,0.37808386237011754,0.41123034204434084,0.3865979381443299,0.3917525773195876,SELL,BUY,0.32,0.4262295081967213,0.10622950819672128,2,1,,True,0.32653061224489793,0.36619718309859156,0.3137254901960784,0.5098039215686274,0.32,0.4262295081967213,51,51,0.10622950819672128,0.45588235294117646,0.4626865671641791,0.37349397590361444,0.37349397590361444,0.4105960264900662,0.41333333333333333,83,83,0.0027373068432671177,0.36363636363636365,0.3392857142857143,0.4666666666666667,0.31666666666666665,0.40875912408759124,0.3275862068965517,60,60,-0.08117291719103953,"{""BUY"": 77, ""HOLD"": 68, ""SELL"": 49}","{""BUY"": 79, ""HOLD"": 71, ""SELL"": 44}",0.32924878917761835,75,"{""BUY"": 56, ""HOLD"": 67, ""SELL"": 71}","{""BUY"": 63, ""HOLD"": 75, ""SELL"": 56}",0.33269658291266707,75,10,44,0.003447793735048721,2025-10-24,2025-11-10,0,True
POWERGRID.NS,2025-11-10,55,57,974,974,974,2021-09-27,2025-01-03,2025-01-06,2025-10-31,779,779,195,195,True,0.24442224442224444,0.2534079275749678,0.008985683152723328,0.24442224442224444,0.2534079275749678,0.26153846153846155,0.31794871794871793,SELL,SELL,0.13186813186813187,0.07407407407407407,-0.0577940577940578,1,2,"SELL,BUY",True,0.18181818181818182,0.13043478260869565,0.10344827586206896,0.05172413793103448,0.13186813186813187,0.07407407407407407,58,58,-0.0577940577940578,0.3181818181818182,0.41025641025641024,0.2727272727272727,0.6233766233766234,0.2937062937062937,0.4948453608247423,77,77,0.2011390671184486,0.25,0.2,0.4,0.18333333333333332,0.3076923076923077,0.19130434782608696,60,60,-0.11638795986622075,"{""BUY"": 96, ""HOLD"": 66, ""SELL"": 33}","{""BUY"": 96, ""HOLD"": 66, ""SELL"": 33}",0.32237539989146075,75,"{""BUY"": 55, ""HOLD"": 117, ""SELL"": 23}","{""BUY"": 55, ""HOLD"": 117, ""SELL"": 23}",0.33525499308255846,75,5,102,0.012879593191097716,2025-10-31,2025-11-10,0,True
RELIANCE.NS,2025-11-10,55,57,966,966,966,2021-09-30,2024-12-27,2024-12-30,2025-10-24,772,772,194,194,True,0.3381103625006064,0.32922141569957614,-0.00888894680103025,0.3381103625006064,0.32922141569957614,0.34536082474226804,0.33505154639175255,HOLD,HOLD,0.2702702702702703,0.27350427350427353,0.0032340032340032465,2,1,,True,0.29523809523809524,0.3,0.6326530612244898,0.6122448979591837,0.4025974025974026,0.40268456375838924,49,49,8.71611609866152e-05,0.375,0.34782608695652173,0.2112676056338028,0.22535211267605634,0.2702702702702703,0.27350427350427353,71,71,0.0032340032340032465,0.42857142857142855,0.3958333333333333,0.28378378378378377,0.25675675675675674,0.34146341463414637,0.3114754098360656,74,74,-0.02998800479808078,"{""BUY"": 49, ""HOLD"": 40, ""SELL"": 105}","{""BUY"": 49, ""HOLD"": 40, ""SELL"": 105}",0.28743435584922206,30,"{""BUY"": 48, ""HOLD"": 46, ""SELL"": 100}","{""BUY"": 48, ""HOLD"": 46, ""SELL"": 100}",0.3088735447016326,30,10,12,0.02143918885241053,2025-10-24,2025-11-10,0,True
SBILIFE.NS,2025-11-10,55,57,969,969,969,2021-09-27,2024-12-27,2024-12-30,2025-10-24,775,775,194,194,True,0.3080822135299143,0.3196937875905853,0.011611574060671037,0.3080822135299143,0.3196937875905853,0.35051546391752575,0.35051546391752575,BUY,BUY,0.12244897959183673,0.15384615384615385,0.03139717425431712,2,1,,True,0.21621621621621623,0.24285714285714285,0.48484848484848486,0.5151515151515151,0.29906542056074764,0.3300970873786408,33,33,0.031031666817893155,0.5168539325842697,0.4942528735632184,0.48936170212765956,0.4574468085106383,0.5027322404371585,0.47513812154696133,94,94,-0.02759411889019714,0.1935483870967742,0.21621621621621623,0.08955223880597014,0.11940298507462686,0.12244897959183673,0.15384615384615385,67,67,0.03139717425431712,"{""BUY"": 31, ""HOLD"": 89, ""SELL"": 74}","{""BUY"": 31, ""HOLD"": 89, ""SELL"": 74}",0.2773075464147805,30,"{""BUY"": 37, ""HOLD"": 87, ""SELL"": 70}","{""BUY"": 37, ""HOLD"": 87, ""SELL"": 70}",0.28316778926948316,30,10,12,0.0058602428547026575,2025-10-24,2025-11-10,0,True
SBIN.NS,2025-11-10,55,57,974,974,974,2021-09-27,2025-01-03,2025-01-06,2025-10-31,779,779,195,195,True,0.3416622363990785,0.26947751663631475,-0.07218471976276375,0.3503242608234003,0.262980954891454,0.4,0.3333333333333333,BUY,BUY,0.1111111111111111,0.06741573033707865,-0.043695380774032455,0,3,"SELL,BUY",True,0.2676056338028169,0.17142857142857143,0.48717948717948717,0.3076923076923077,0.34545454545454546,0.22018348623853212,39,39,-0.12527105921601334,0.5242718446601942,0.47619047619047616,0.6206896551724138,0.5747126436781609,0.5684210526315789,0.5208333333333334,87,87,-0.04758771929824557,0.23809523809523808,0.15,0.07246376811594203,0.043478260869565216,0.1111111111111111,0.06741573033707865,69,69,-0.043695380774032455,"{""BUY"": 21, ""HOLD"": 103, ""SELL"": 71}","{""BUY"": 14, ""HOLD"": 109, ""SELL"": 72}",0.32071953692569555,75,"{""BUY"": 20, ""HOLD"": 105, ""SELL"": 70}","{""BUY"": 14, ""HOLD"": 109, ""SELL"": 72}",0.3251855497419177,75,5,4,0.004466012816222165,2025-10-31,2025-11-10,0,True
SUNPHARMA.NS,2025-11-10,55,57,969,969,969,2021-09-27,2024-12-27,2024-12-30,2025-10-24,775,775,194,194,True,0.4380897245504963,0.3842175686350373,-0.053872155915458964,0.4380897245504963,0.3842175686350373,0.4536082474226804,0.4175257731958763,BUY,BUY,0.3368421052631579,0.22988505747126436,-0.10695704779189352,0,3,BUY,True,0.4915254237288136,0.47058823529411764,0.453125,0.375,0.4715447154471545,0.41739130434782606,64,64,-0.05415341109932842,0.48314606741573035,0.44761904761904764,0.5308641975308642,0.5802469135802469,0.5058823529411764,0.5053763440860215,81,81,-0.0005060088551549491,0.34782608695652173,0.2631578947368421,0.32653061224489793,0.20408163265306123,0.3368421052631579,0.22988505747126436,49,49,-0.10695704779189352,"{""BUY"": 46, ""HOLD"": 89, ""SELL"": 59}","{""BUY"": 46, ""HOLD"": 89, ""SELL"": 59}",0.33304239981293376,75,"{""BUY"": 38, ""HOLD"": 105, ""SELL"": 51}","{""BUY"": 38, ""HOLD"": 105, ""SELL"": 51}",0.337651927821813,75,10,32,0.00460952800887926,2025-10-24,2025-11-10,0,True
TATACONSUM.NS,2025-11-10,55,57,969,969,969,2021-09-27,2024-12-27,2024-12-30,2025-10-24,775,775,194,194,True,0.2788526949241235,0.23659819165437143,-0.04225450326975208,0.29133393556157783,0.22571253247685819,0.29896907216494845,0.28865979381443296,SELL,SELL,0.1836734693877551,0.06060606060606061,-0.1230674087816945,1,2,SELL,True,0.13043478260869565,0.05405405405405406,0.3103448275862069,0.06896551724137931,0.1836734693877551,0.06060606060606061,29,29,-0.1230674087816945,0.546875,0.4634146341463415,0.3645833333333333,0.3958333333333333,0.4375,0.42696629213483145,96,96,-0.010533707865168551,0.22950819672131148,0.21333333333333335,0.2028985507246377,0.2318840579710145,0.2153846153846154,0.2222222222222222,69,69,0.006837606837606813,"{""BUY"": 61, ""HOLD"": 64, ""SELL"": 69}","{""BUY"": 39, ""HOLD"": 109, ""SELL"": 46}",0.3558470200761773,30,"{""BUY"": 75, ""HOLD"": 82, ""SELL"": 37}","{""BUY"": 52, ""HOLD"": 115, ""SELL"": 27}",0.367291016747529,30,10,64,0.011443996671351708,2025-10-24,2025-11-10,0,True
TATASTEEL.NS,2025-11-10,55,57,969,969,969,2021-09-27,2024-12-27,2024-12-30,2025-10-24,775,775,194,194,True,0.36874163846698665,0.38805642250279787,0.019314784035811217,0.3255504182287829,0.32126117609988575,0.37628865979381443,0.3865979381443299,SELL,HOLD,0.30927835051546393,0.3958333333333333,0.08655498281786939,1,2,,True,0.23809523809523808,0.3064516129032258,0.4411764705882353,0.5588235294117647,0.30927835051546393,0.3958333333333333,34,34,0.08655498281786939,0.38095238095238093,0.3614457831325301,0.42105263157894735,0.39473684210526316,0.4,0.37735849056603776,76,76,-0.02264150943396226,0.5531914893617021,0.5306122448979592,0.30952380952380953,0.30952380952380953,0.3969465648854962,0.39097744360902253,84,84,-0.0059691212764736434,"{""BUY"": 47, ""HOLD"": 84, ""SELL"": 63}","{""BUY"": 25, ""HOLD"": 100, ""SELL"": 69}",0.382059400749866,75,"{""BUY"": 49, ""HOLD"": 83, ""SELL"": 62}","{""BUY"": 14, ""HOLD"": 110, ""SELL"": 70}",0.3640726516065337,75,10,4,-0.017986749143332315,2025-10-24,2025-11-10,0,True
TCS.NS,2025-11-10,55,57,969,969,969,2021-09-27,2024-12-27,2024-12-30,2025-10-24,775,775,194,194,True,0.3522361647361647,0.3399002971910651,-0.012335867545099577,0.3522361647361647,0.3399002971910651,0.35051546391752575,0.3402061855670103,SELL,BUY,0.3125,0.3442622950819672,0.03176229508196721,1,2,,True,0.39215686274509803,0.4666666666666667,0.2597402597402597,0.2727272727272727,0.3125,0.3442622950819672,77,77,0.03176229508196721,0.32098765432098764,0.3058823529411765,0.3880597014925373,0.3880597014925373,0.35135135135135137,0.34210526315789475,67,67,-0.009246088193456625,0.3548387096774194,0.296875,0.44,0.38,0.39285714285714285,0.3333333333333333,50,50,-0.059523809523809534,"{""BUY"": 62, ""HOLD"": 81, ""SELL"": 51}","{""BUY"": 62, ""HOLD"": 81, ""SELL"": 51}",0.4016362417936662,30,"{""BUY"": 64, ""HOLD"": 85, ""SELL"": 45}","{""BUY"": 64, ""HOLD"": 85, ""SELL"": 45}",0.39802096811237697,30,10,12,-0.0036152736812892217,2025-10-24,2025-11-10,0,True
TECHM.NS,2025-11-10,55,57,969,969,969,2021-09-27,2024-12-27,2024-12-30,2025-10-24,775,775,194,194,True,0.35447526743217983,0.34444402667067736,-0.010031240761502469,0.35447526743217983,0.34444402667067736,0.3711340206185567,0.36597938144329895,BUY,BUY,0.28846153846153844,0.2916666666666667,0.0032051282051282493,1,2,,True,0.4105263157894737,0.36607142857142855,0.5492957746478874,0.5774647887323944,0.46987951807228917,0.44808743169398907,71,71,-0.021792086378300102,0.3829787234042553,0.42105263157894735,0.2535211267605634,0.22535211267605634,0.3050847457627119,0.29357798165137616,71,71,-0.011506764111335721,0.28846153846153844,0.3181818181818182,0.28846153846153844,0.2692307692307692,0.28846153846153844,0.2916666666666667,52,52,0.0032051282051282493,"{""BUY"": 52, ""HOLD"": 47, ""SELL"": 95}","{""BUY"": 52, ""HOLD"": 47, ""SELL"": 95}",0.3489107854705823,75,"{""BUY"": 44, ""HOLD"": 38, ""SELL"": 112}","{""BUY"": 44, ""HOLD"": 38, ""SELL"": 112}",0.3713496105687612,75,10,34,0.022438825098178905,2025-10-24,2025-11-10,0,True
TITAN.NS,2025-11-10,55,57,969,969,969,2021-09-27,2024-12-27,2024-12-30,2025-10-24,775,775,194,194,True,0.3746447566881004,0.3387301587301587,-0.03591459795794166,0.3746447566881004,0.3387301587301587,0.38144329896907214,0.34536082474226804,SELL,SELL,0.3157894736842105,0.2833333333333333,-0.03245614035087718,0,3,,True,0.3157894736842105,0.2698412698412698,0.3157894736842105,0.2982456140350877,0.3157894736842105,0.2833333333333333,57,57,-0.03245614035087718,0.45454545454545453,0.425,0.3333333333333333,0.2833333333333333,0.38461538461538464,0.34,60,60,-0.04461538461538461,0.3870967741935484,0.3626373626373626,0.4675324675324675,0.42857142857142855,0.4235294117647059,0.39285714285714285,77,77,-0.030672268907563027,"{""BUY"": 93, ""HOLD"": 44, ""SELL"": 57}","{""BUY"": 93, ""HOLD"": 44, ""SELL"": 57}",0.33862612961597943,75,"{""BUY"": 91, ""HOLD"": 40, ""SELL"": 63}","{""BUY"": 91, ""HOLD"": 40, ""SELL"": 63}",0.3011361627788835,75,10,12,-0.037489966837095934,2025-10-24,2025-11-10,0,True
TRENT.NS,2025-11-10,55,57,969,969,969,2021-09-27,2024-12-27,2024-12-30,2025-10-24,775,775,194,194,True,0.3303911676537252,0.3300487242952101,-0.0003424433585151321,0.3303911676537252,0.3300487242952101,0.32989690721649484,0.32989690721649484,HOLD,HOLD,0.30666666666666664,0.3157894736842105,0.009122807017543866,1,2,,True,0.64,0.6153846153846154,0.2222222222222222,0.2222222222222222,0.32989690721649484,0.32653061224489793,72,72,-0.003366294971596906,0.3108108108108108,0.3157894736842105,0.3026315789473684,0.3157894736842105,0.30666666666666664,0.3157894736842105,76,76,0.009122807017543866,0.2631578947368421,0.2608695652173913,0.5434782608695652,0.5217391304347826,0.3546099290780142,0.34782608695652173,46,46,-0.006783842121492467,"{""BUY"": 95, ""HOLD"": 74, ""SELL"": 25}","{""BUY"": 95, ""HOLD"": 74, ""SELL"": 25}",0.29316434401083746,30,"{""BUY"": 92, ""HOLD"": 76, ""SELL"": 26}","{""BUY"": 92, ""HOLD"": 76, ""SELL"": 26}",0.28437469062523635,30,10,6,-0.008789653385601115,2025-10-24,2025-11-10,0,True
ULTRACEMCO.NS,2025-11-10,55,57,969,969,969,2021-09-27,2024-12-27,2024-12-30,2025-10-24,775,775,194,194,True,0.3388294711824124,0.30769384277053374,-0.03113562841187867,0.3388294711824124,0.30769384277053374,0.34536082474226804,0.32989690721649484,SELL,SELL,0.2828282828282828,0.18556701030927836,-0.09726127251900446,1,2,,True,0.3333333333333333,0.225,0.24561403508771928,0.15789473684210525,0.2828282828282828,0.18556701030927836,57,57,-0.09726127251900446,0.4166666666666667,0.40425531914893614,0.32894736842105265,0.25,0.36764705882352944,0.3089430894308943,76,76,-0.058703969392635114,0.30434782608695654,0.3364485981308411,0.45901639344262296,0.5901639344262295,0.3660130718954248,0.42857142857142855,61,61,0.06255835667600373,"{""BUY"": 92, ""HOLD"": 60, ""SELL"": 42}","{""BUY"": 92, ""HOLD"": 60, ""SELL"": 42}",0.41029146793562354,75,"{""BUY"": 107, ""HOLD"": 47, ""SELL"": 40}","{""BUY"": 107, ""HOLD"": 47, ""SELL"": 40}",0.40362761110044304,75,10,30,-0.006663856835180504,2025-10-24,2025-11-10,0,True
WIPRO.NS,2025-11-10,55,57,974,974,974,2021-09-27,2025-01-03,2025-01-06,2025-10-31,779,779,195,195,True,0.3201956692716503,0.37093638767278936,0.050740718401139084,0.3201956692716503,0.37093638767278936,0.4256410256410256,0.4717948717948718,BUY,BUY,0.11764705882352941,0.21621621621621623,0.09856915739268682,3,0,,True,0.24,0.34375,0.26666666666666666,0.24444444444444444,0.25263157894736843,0.2857142857142857,45,45,0.03308270676691727,0.5583333333333333,0.553030303030303,0.6261682242990654,0.6822429906542056,0.5903083700440529,0.6108786610878661,107,107,0.02057029104381325,0.16,0.25806451612903225,0.09302325581395349,0.18604651162790697,0.11764705882352941,0.21621621621621623,43,43,0.09856915739268682,"{""BUY"": 25, ""HOLD"": 120, ""SELL"": 50}","{""BUY"": 25, ""HOLD"": 120, ""SELL"": 50}",0.3342538304060877,75,"{""BUY"": 31, ""HOLD"": 132, ""SELL"": 32}","{""BUY"": 31, ""HOLD"": 132, ""SELL"": 32}",0.3377866537609007,75,5,36,0.0035328233548130306,2025-10-31,2025-11-10,0,True
ADANIENT.NS,2026-02-10,55,57,1028,1028,1028,2021-09-27,2025-03-12,2025-03-13,2026-01-27,822,822,206,206,True,0.37898207885304663,0.40317919525999546,0.024197116406948826,0.37898207885304663,0.40317919525999546,0.38349514563106796,0.4223300970873786,HOLD,BUY,0.3333333333333333,0.4316546762589928,0.09832134292565947,2,1,,True,0.3977272727272727,0.38738738738738737,0.5223880597014925,0.6417910447761194,0.45161290322580644,0.48314606741573035,67,67,0.03153316418992391,0.4583333333333333,0.5454545454545454,0.2619047619047619,0.35714285714285715,0.3333333333333333,0.4316546762589928,84,84,0.09832134292565947,0.3142857142857143,0.35,0.4,0.2545454545454545,0.352,0.29473684210526313,55,55,-0.05726315789473685,"{""BUY"": 70, ""HOLD"": 48, ""SELL"": 88}","{""BUY"": 70, ""HOLD"": 48, ""SELL"": 88}",0.34465503107121254,75,"{""BUY"": 40, ""HOLD"": 55, ""SELL"": 111}","{""BUY"": 40, ""HOLD"": 55, ""SELL"": 111}",0.36359006619203,75,10,60,0.018935035120817456,2026-01-27,2026-02-10,0,True
ADANIPORTS.NS,2026-02-10,55,57,1028,1028,1028,2021-09-27,2025-03-12,2025-03-13,2026-01-27,822,822,206,206,True,0.4018710421000082,0.38149226096495403,-0.020378781135054147,0.3463423831070889,0.32083759263991823,0.4223300970873786,0.3883495145631068,SELL,SELL,0.27956989247311825,0.288135593220339,0.00856570074722074,1,2,,True,0.325,0.26153846153846155,0.24528301886792453,0.32075471698113206,0.27956989247311825,0.288135593220339,53,53,0.00856570074722074,0.41836734693877553,0.40229885057471265,0.5466666666666666,0.4666666666666667,0.47398843930635837,0.43209876543209874,75,75,-0.041889673874259625,0.4852941176470588,0.5185185185185185,0.4230769230769231,0.358974358974359,0.4520547945205479,0.42424242424242425,78,78,-0.027812370278123666,"{""BUY"": 68, ""HOLD"": 98, ""SELL"": 40}","{""BUY"": 24, ""HOLD"": 133, ""SELL"": 49}",0.34657780786859005,75,"{""BUY"": 54, ""HOLD"": 87, ""SELL"": 65}","{""BUY"": 13, ""HOLD"": 117, ""SELL"": 76}",0.3454682021058142,75,10,50,-0.001109605762775856,2026-01-27,2026-02-10,0,True
APOLLOHOSP.NS,2026-02-10,55,57,1028,1028,1028,2021-09-27,2025-03-12,2025-03-13,2026-01-27,822,822,206,206,True,0.26357783992192596,0.2881216931216931,0.02454385319976715,0.2536754824118717,0.2694863975652153,0.28640776699029125,0.3058252427184466,SELL,SELL,0.12903225806451613,0.16,0.030967741935483878,3,0,,True,0.18181818181818182,0.2,0.1,0.13333333333333333,0.12903225806451613,0.16,60,60,0.030967741935483878,0.2711864406779661,0.30927835051546393,0.4507042253521127,0.4225352112676056,0.3386243386243386,0.35714285714285715,71,71,0.018518518518518545,0.38181818181818183,0.36231884057971014,0.28,0.3333333333333333,0.3230769230769231,0.3472222222222222,75,75,0.024145299145299115,"{""BUY"": 55, ""HOLD"": 118, ""SELL"": 33}","{""BUY"": 56, ""HOLD"": 126, ""SELL"": 24}",0.3456954460833611,75,"{""BUY"": 69, ""HOLD"": 97, ""SELL"": 40}","{""BUY"": 72, ""HOLD"": 103, ""SELL"": 31}",0.35369743796222775,75,10,42,0.008001991878866632,2026-01-27,2026-02-10,0,True
ASIANPAINT.NS,2026-02-10,55,57,1028,1028,1028,2021-09-27,2025-03-12,2025-03-13,2026-01-27,822,822,206,206,True,0.43635258268796157,0.3875810508721589,-0.04877153181580268,0.43635258268796157,0.3875810508721589,0.4368932038834951,0.39805825242718446,BUY,BUY,0.3816793893129771,0.3220338983050847,-0.059645491007892404,1,2,,True,0.49122807017543857,0.41509433962264153,0.45161290322580644,0.3548387096774194,0.47058823529411764,0.3826086956521739,62,62,-0.08797953964194372,0.37,0.3504273504273504,0.5967741935483871,0.6612903225806451,0.4567901234567901,0.4581005586592179,62,62,0.0013104352024277954,0.5102040816326531,0.5277777777777778,0.3048780487804878,0.23170731707317074,0.3816793893129771,0.3220338983050847,82,82,-0.059645491007892404,"{""BUY"": 49, ""HOLD"": 100, ""SELL"": 57}","{""BUY"": 49, ""HOLD"": 100, ""SELL"": 57}",0.3625168661358765,75,"{""BUY"": 36, ""HOLD"": 117, ""SELL"": 53}","{""BUY"": 36, ""HOLD"": 117, ""SELL"": 53}",0.34763808199466406,75,10,34,-0.014878784141212464,2026-01-27,2026-02-10,0,True
AXISBANK.NS,2026-02-10,55,57,1028,1028,1028,2021-09-27,2025-03-12,2025-03-13,2026-01-27,822,822,206,206,True,0.49676527856290437,0.46593518291631497,-0.030830095646589395,0.49676527856290437,0.46593518291631497,0.5145631067961165,0.4854368932038835,HOLD,SELL,0.4098360655737705,0.5031446540880503,0.09330858851427981,1,2,SELL,True,0.4126984126984127,0.34782608695652173,0.49056603773584906,0.3018867924528302,0.4482758620689655,0.32323232323232326,53,53,-0.12504353883664227,0.4716981132075472,0.4444444444444444,0.36231884057971014,0.5797101449275363,0.4098360655737705,0.5031446540880503,69,69,0.09330858851427981,0.6111111111111112,0.6285714285714286,0.6547619047619048,0.5238095238095238,0.632183908045977,0.5714285714285714,84,84,-0.06075533661740562,"{""BUY"": 90, ""HOLD"": 53, ""SELL"": 63}","{""BUY"": 90, ""HOLD"": 53, ""SELL"": 63}",0.3591363536562553,75,"{""BUY"": 70, ""HOLD"": 90, ""SELL"": 46}","{""BUY"": 70, ""HOLD"": 90, ""SELL"": 46}",0.36225200899883836,75,10,74,0.003115655342583068,2026-01-27,2026-02-10,0,True
BAJAJ-AUTO.NS,2026-02-10,55,57,1028,1028,1028,2021-09-27,2025-03-12,2025-03-13,2026-01-27,822,822,206,206,True,0.352336860670194,0.34000472275830135,-0.012332137911892638,0.352336860670194,0.34000472275830135,0.41262135922330095,0.39805825242718446,SELL,HOLD,0.225,0.2696629213483146,0.044662921348314594,2,1,,True,0.2571428571428571,0.2727272727272727,0.2,0.26666666666666666,0.225,0.2696629213483146,45,45,0.044662921348314594,0.5925925925925926,0.4782608695652174,0.19753086419753085,0.13580246913580246,0.2962962962962963,0.21153846153846154,81,81,-0.08475783475783474,0.4166666666666667,0.4244604316546763,0.75,0.7375,0.5357142857142857,0.5388127853881278,80,80,0.0030984996738421255,"{""BUY"": 144, ""HOLD"": 27, ""SELL"": 35}","{""BUY"": 144, ""HOLD"": 27, ""SELL"": 35}",0.22561365517659923,75,"{""BUY"": 139, ""HOLD"": 23, ""SELL"": 44}","{""BUY"": 139, ""HOLD"": 23, ""SELL"": 44}",0.2355480664114694,75,10,18,0.009934411234870155,2026-01-27,2026-02-10,0,True
BAJFINANCE.NS,2026-02-10,55,57,1028,1028,1028,2021-09-27,2025-03-12,2025-03-13,2026-01-27,822,822,206,206,True,0.4744096483226918,0.4569452849022741,-0.017464363420417683,0.4744096483226918,0.4569452849022741,0.5242718446601942,0.49514563106796117,BUY,BUY,0.2727272727272727,0.26262626262626265,-0.010101010101010055,0,3,,True,0.4838709677419355,0.43478260869565216,0.5454545454545454,0.5454545454545454,0.5128205128205128,0.4838709677419355,55,55,-0.028949545078577277,0.5689655172413793,0.6020408163265306,0.7252747252747253,0.6483516483516484,0.6376811594202898,0.6243386243386243,91,91,-0.013342535081665496,0.42857142857142855,0.3333333333333333,0.2,0.21666666666666667,0.2727272727272727,0.26262626262626265,60,60,-0.010101010101010055,"{""BUY"": 28, ""HOLD"": 116, ""SELL"": 62}","{""BUY"": 28, ""HOLD"": 116, ""SELL"": 62}",0.3876049059126184,75,"{""BUY"": 39, ""HOLD"": 98, ""SELL"": 69}","{""BUY"": 39, ""HOLD"": 98, ""SELL"": 69}",0.3738869844211556,75,10,36,-0.013717921491462837,2026-01-27,2026-02-10,0,True
BAJAJFINSV.NS,2026-02-10,55,57,1033,1033,1033,2021-09-27,2025-03-19,2025-03-20,2026-02-03,826,826,207,207,True,0.314650915798692,0.3600987456409143,0.04544782984222234,0.314650915798692,0.3600987456409143,0.42995169082125606,0.463768115942029,SELL,SELL,0.12195121951219512,0.16216216216216217,0.04021094264996705,3,0,,True,0.12195121951219512,0.18181818181818182,0.12195121951219512,0.14634146341463414,0.12195121951219512,0.16216216216216217,41,41,0.04021094264996705,0.5597014925373134,0.59375,0.6198347107438017,0.628099173553719,0.5882352941176471,0.6104417670682731,121,121,0.022206472950626055,0.28125,0.30434782608695654,0.2,0.3111111111111111,0.23376623376623376,0.3076923076923077,45,45,0.07392607392607395,"{""BUY"": 32, ""HOLD"": 134, ""SELL"": 41}","{""BUY"": 32, ""HOLD"": 134, ""SELL"": 41}",0.338266492920173,75,"{""BUY"": 46, ""HOLD"": 128, ""SELL"": 33}","{""BUY"": 46, ""HOLD"": 128, ""SELL"": 33}",0.3317840842587656,75,5,28,-0.006482408661407424,2026-02-03,2026-02-10,0,True
BEL.NS,2026-02-10,55,57,1028,1028,1028,2021-09-27,2025-03-12,2025-03-13,2026-01-27,822,822,206,206,True,0.3829687547274197,0.4012085635848012,0.018239808857381523,0.3829687547274197,0.4012085635848012,0.4029126213592233,0.4223300970873786,SELL,HOLD,0.32323232323232326,0.3564356435643564,0.03320332033203316,2,1,,True,0.32653061224489793,0.35294117647058826,0.32,0.36,0.32323232323232326,0.3564356435643564,50,50,0.03320332033203316,0.3620689655172414,0.32786885245901637,0.3230769230769231,0.3076923076923077,0.34146341463414637,0.31746031746031744,65,65,-0.024003097173828924,0.46464646464646464,0.5212765957446809,0.5054945054945055,0.5384615384615384,0.4842105263157895,0.5297297297297298,91,91,0.04551920341394028,"{""BUY"": 99, ""HOLD"": 58, ""SELL"": 49}","{""BUY"": 99, ""HOLD"": 58, ""SELL"": 49}",0.3143288557344511,75,"{""BUY"": 94, ""HOLD"": 61, ""SELL"": 51}","{""BUY"": 94, ""HOLD"": 61, ""SELL"": 51}",0.32122632817436164,75,10,10,0.006897472439910568,2026-01-27,2026-02-10,0,True
BHARTIARTL.NS,2026-02-10,55,57,1028,1028,1028,2021-09-27,2025-03-12,2025-03-13,2026-01-27,822,822,206,206,True,0.3302774705960238,0.2906522740114387,-0.039625196584585076,0.3302774705960238,0.2906522740114387,0.36893203883495146,0.3106796116504854,SELL,SELL,0.15789473684210525,0.1951219512195122,0.03722721437740695,1,2,,True,0.25,0.26666666666666666,0.11538461538461539,0.15384615384615385,0.15789473684210525,0.1951219512195122,52,52,0.03722721437740695,0.4318181818181818,0.36363636363636365,0.4691358024691358,0.3950617283950617,0.44970414201183434,0.378698224852071,81,81,-0.07100591715976334,0.3404255319148936,0.2727272727272727,0.4383561643835616,0.3287671232876712,0.38323353293413176,0.2981366459627329,73,73,-0.08509688697139883,"{""BUY"": 94, ""HOLD"": 88, ""SELL"": 24}","{""BUY"": 94, ""HOLD"": 88, ""SELL"": 24}",0.39596948105295143,75,"{""BUY"": 88, ""HOLD"": 88, ""SELL"": 30}","{""BUY"": 88, ""HOLD"": 88, ""SELL"": 30}",0.38250843164305437,75,10,12,-0.013461049409897063,2026-01-27,2026-02-10,0,True
BRITANNIA.NS,2026-02-10,55,57,1028,1028,1028,2021-09-27,2025-03-12,2025-03-13,2026-01-27,822,822,206,206,True,0.27049995873627286,0.2861916482337452,0.01569168949747235,0.2771603264961899,0.2930287517443481,0.32524271844660196,0.34951456310679613,SELL,SELL,0.0759493670886076,0.05263157894736842,-0.02331778814123918,2,1,SELL,True,0.07692307692307693,0.05555555555555555,0.075,0.05,0.0759493670886076,0.05263157894736842,40,40,-0.02331778814123918,0.5340909090909091,0.5568181818181818,0.47474747474747475,0.494949494949495,0.5026737967914439,0.5240641711229946,99,99,0.021390374331550777,0.21518987341772153,0.25609756097560976,0.2537313432835821,0.31343283582089554,0.2328767123287671,0.28187919463087246,67,67,0.049002482302105355,"{""BUY"": 79, ""HOLD"": 88, ""SELL"": 39}","{""BUY"": 57, ""HOLD"": 105, ""SELL"": 44}",0.3466836658477678,75,"{""BUY"": 82, ""HOLD"": 88, ""SELL"": 36}","{""BUY"": 50, ""HOLD"": 119, ""SELL"": 37}",0.35029452566576025,75,10,6,0.0036108598179924734,2026-01-27,2026-02-10,0,True
CIPLA.NS,2026-02-10,55,57,1028,1028,1028,2021-09-27,2025-03-12,2025-03-13,2026-01-27,822,822,206,206,True,0.3332062137545627,0.3434001220562486,0.010193908301685872,0.33002915267902116,0.33209408698658366,0.42718446601941745,0.4029126213592233,BUY,BUY,0.03389830508474576,0.09523809523809523,0.06133979015334947,1,2,BUY,True,0.36904761904761907,0.423728813559322,0.5,0.4032258064516129,0.4246575342465753,0.4132231404958678,62,62,-0.011434393750707539,0.509090909090909,0.4909090909090909,0.5773195876288659,0.5567010309278351,0.5410628019323671,0.5217391304347826,97,97,-0.019323671497584516,0.08333333333333333,0.10810810810810811,0.02127659574468085,0.0851063829787234,0.03389830508474576,0.09523809523809523,47,47,0.06133979015334947,"{""BUY"": 12, ""HOLD"": 110, ""SELL"": 84}","{""BUY"": 15, ""HOLD"": 136, ""SELL"": 55}",0.35512541334930114,75,"{""BUY"": 37, ""HOLD"": 110, ""SELL"": 59}","{""BUY"": 39, ""HOLD"": 123, ""SELL"": 44}",0.3470130228032839,75,10,50,-0.008112390546017256,2026-01-27,2026-02-10,0,True
COALINDIA.NS,2026-02-10,55,57,1028,1028,1028,2021-09-27,2025-03-12,2025-03-13,2026-01-27,822,822,206,206,True,0.32925810714938225,0.2753979422710073,-0.05386016487837497,0.32925810714938225,0.2753979422710073,0.34951456310679613,0.33495145631067963,SELL,SELL,0.2127659574468085,0.18181818181818182,-0.03094777562862669,1,2,HOLD,True,0.2777777777777778,0.21951219512195122,0.1724137931034483,0.15517241379310345,0.2127659574468085,0.18181818181818182,58,58,-0.03094777562862669,0.40350877192982454,0.4,0.35384615384615387,0.12307692307692308,0.3770491803278688,0.18823529411764706,65,65,-0.18881388621022177,0.34513274336283184,0.3586206896551724,0.46987951807228917,0.6265060240963856,0.3979591836734694,0.45614035087719296,83,83,0.05818116720372357,"{""BUY"": 113, ""HOLD"": 57, ""SELL"": 36}","{""BUY"": 113, ""HOLD"": 57, ""SELL"": 36}",0.30181002594001494,30,"{""BUY"": 145, ""HOLD"": 20, ""SELL"": 41}","{""BUY"": 145, ""HOLD"": 20, ""SELL"": 41}",0.3032997636145058,30,10,74,0.001489737674490843,2026-01-27,2026-02-10,0,True
DRREDDY.NS,2026-02-10,55,57,1028,1028,1028,2021-09-27,2025-03-12,2025-03-13,2026-01-27,822,822,206,206,True,0.3823310553250156,0.39028661459840547,0.007955559273389867,0.36320249221183804,0.3589391702866462,0.3932038834951456,0.39805825242718446,HOLD,HOLD,0.2857142857142857,0.31932773109243695,0.03361344537815125,2,1,,True,0.39344262295081966,0.3787878787878788,0.39344262295081966,0.4098360655737705,0.39344262295081966,0.3937007874015748,61,61,0.0002581644507551606,0.3695652173913043,0.41304347826086957,0.2328767123287671,0.2602739726027397,0.2857142857142857,0.31932773109243695,73,73,0.03361344537815125,0.40404040404040403,0.40425531914893614,0.5555555555555556,0.5277777777777778,0.4678362573099415,0.4578313253012048,72,72,-0.0100049320087367,"{""BUY"": 99, ""HOLD"": 46, ""SELL"": 61}","{""BUY"": 108, ""HOLD"": 34, ""SELL"": 64}",0.3237231813869502,75,"{""BUY"": 94, ""HOLD"": 46, ""SELL"": 66}","{""BUY"": 109, ""HOLD"": 27, ""SELL"": 70}",0.3118042459284528,75,10,10,-0.011918935458497426,2026-01-27,2026-02-10,0,True
EICHERMOT.NS,2026-02-10,55,57,1028,1028,1028,2021-09-27,2025-03-12,2025-03-13,2026-01-27,822,822,206,206,True,0.29521986078722356,0.3069396188193326,0.011719758032109062,0.3223671284016112,0.32930483965133267,0.3155339805825243,0.32524271844660196,BUY,BUY,0.18867924528301888,0.19469026548672566,0.0060110202037067795,2,1,,True,0.1935483870967742,0.19148936170212766,0.5142857142857142,0.5142857142857142,0.28125,0.27906976744186046,35,35,-0.0021802325581395388,0.3894736842105263,0.4367816091954023,0.4457831325301205,0.4578313253012048,0.4157303370786517,0.4470588235294118,83,83,0.031328486450760085,0.5555555555555556,0.44,0.11363636363636363,0.125,0.18867924528301888,0.19469026548672566,88,88,0.0060110202037067795,"{""BUY"": 18, ""HOLD"": 95, ""SELL"": 93}","{""BUY"": 29, ""HOLD"": 125, ""SELL"": 52}",0.333215728786683,75,"{""BUY"": 25, ""HOLD"": 87, ""SELL"": 94}","{""BUY"": 35, ""HOLD"": 119, ""SELL"": 52}",0.308123208944855,75,10,16,-0.025092519841827976,2026-01-27,2026-02-10,0,True
GRASIM.NS,2026-02-10,55,57,1028,1028,1028,2021-09-27,2025-03-12,2025-03-13,2026-01-27,822,822,206,206,True,0.31407152691317036,0.3094207004478981,-0.004650826465272262,0.29428332191520135,0.29111813094302713,0.32524271844660196,0.32524271844660196,SELL,SELL,0.2376237623762376,0.20833333333333334,-0.02929042904290427,1,2,,True,0.22641509433962265,0.20833333333333334,0.25,0.20833333333333334,0.2376237623762376,0.20833333333333334,48,48,-0.02929042904290427,0.375,0.4032258064516129,0.3,0.3125,0.3333333333333333,0.352112676056338,80,80,0.01877934272300469,0.34831460674157305,0.3333333333333333,0.3974358974358974,0.41025641025641024,0.3712574850299401,0.367816091954023,78,78,-0.0034413930759171207,"{""BUY"": 89, ""HOLD"": 64, ""SELL"": 53}","{""BUY"": 96, ""HOLD"": 71, ""SELL"": 39}",0.31625302590433196,75,"{""BUY"": 96, ""HOLD"": 62, ""SELL"": 48}","{""BUY"": 99, ""HOLD"": 71, ""SELL"": 36}",0.32407237528071364,75,10,14,0.007819349376381679,2026-01-27,2026-02-10,0,True
HCLTECH.NS,2026-02-10,55,57,1033,1033,1033,2021-09-27,2025-03-19,2025-03-20,2026-02-03,826,826,207,207,True,0.3060253142577192,0.25414462081128747,-0.05188069344643176,0.3060253142577192,0.25414462081128747,0.4106280193236715,0.4444444444444444,BUY,BUY,0.13157894736842105,0.0,-0.13157894736842105,1,2,BUY,True,0.23809523809523808,0.1935483870967742,0.2,0.12,0.21739130434782608,0.14814814814814814,50,50,-0.06924315619967794,0.5072463768115942,0.5,0.6481481481481481,0.7962962962962963,0.5691056910569106,0.6142857142857143,108,108,0.04518002322880377,0.18518518518518517,0.0,0.10204081632653061,0.0,0.13157894736842105,0.0,49,49,-0.13157894736842105,"{""BUY"": 27, ""HOLD"": 138, ""SELL"": 42}","{""BUY"": 27, ""HOLD"": 138, ""SELL"": 42}",0.31212843480728425,30,"{""BUY"": 4, ""HOLD"": 172, ""SELL"": 31}","{""BUY"": 4, ""HOLD"": 172, ""SELL"": 31}",0.2958479667209407,30,5,68,-0.016280468086343536,2026-02-03,2026-02-10,0,True
HDFCBANK.NS,2026-02-10,55,57,551,551,551,2023-09-26,2025-08-06,2025-08-07,2026-01-27,440,440,111,111,True,0.2970958498341865,0.30869976359338064,0.011603913759194118,0.2970958498341865,0.30869976359338064,0.3063063063063063,0.3333333333333333,SELL,SELL,0.23529411764705882,0.2127659574468085,-0.022528160200250308,1,2,,True,0.5,0.625,0.15384615384615385,0.1282051282051282,0.23529411764705882,0.2127659574468085,39,39,-0.022528160200250308,0.2826086956521739,0.3559322033898305,0.3170731707317073,0.5121951219512195,0.2988505747126437,0.42,41,41,0.12114942528735628,0.2830188679245283,0.25,0.4838709677419355,0.3548387096774194,0.35714285714285715,0.29333333333333333,31,31,-0.06380952380952382,"{""BUY"": 53, ""HOLD"": 46, ""SELL"": 12}","{""BUY"": 53, ""HOLD"": 46, ""SELL"": 12}",0.3447494735289829,75,"{""BUY"": 44, ""HOLD"": 59, ""SELL"": 8}","{""BUY"": 44, ""HOLD"": 59, ""SELL"": 8}",0.3123317046122525,75,10,26,-0.03241776891673037,2026-01-27,2026-02-10,0,True
HDFCLIFE.NS,2026-02-10,55,57,1028,1028,1028,2021-09-27,2025-03-12,2025-03-13,2026-01-27,822,822,206,206,True,0.3798765670110699,0.3745346182127791,-0.005341948798290808,0.3798765670110699,0.3745346182127791,0.38349514563106796,0.3737864077669903,BUY,SELL,0.358974358974359,0.42424242424242425,0.06526806526806528,1,2,,True,0.2891566265060241,0.27058823529411763,0.48,0.46,0.3609022556390977,0.34074074074074073,50,50,-0.02016151489835699,0.4857142857142857,0.49056603773584906,0.3695652173913043,0.2826086956521739,0.41975308641975306,0.3586206896551724,92,92,-0.061132396764580654,0.39622641509433965,0.4117647058823529,0.328125,0.4375,0.358974358974359,0.42424242424242425,64,64,0.06526806526806528,"{""BUY"": 53, ""HOLD"": 70, ""SELL"": 83}","{""BUY"": 53, ""HOLD"": 70, ""SELL"": 83}",0.31823443965051135,75,"{""BUY"": 68, ""HOLD"": 53, ""SELL"": 85}","{""BUY"": 68, ""HOLD"": 53, ""SELL"": 85}",0.3156853580333871,75,10,34,-0.002549081617124249,2026-01-27,2026-02-10,0,True
HEROMOTOCO.NS,2026-02-10,55,57,1028,1028,1028,2021-09-27,2025-03-12,2025-03-13,2026-01-27,822,822,206,206,True,0.40877045348293595,0.36067597826415515,-0.0480944752187808,0.40285653087241746,0.3636850711477577,0.4077669902912621,0.3592233009708738,BUY,BUY,0.38666666666666666,0.32653061224489793,-0.060136054421768725,0,3,,True,0.2988505747126437,0.2872340425531915,0.7027027027027027,0.7297297297297297,0.41935483870967744,0.4122137404580153,37,37,-0.007141098251662148,0.4461538461538462,0.3770491803278688,0.3972602739726027,0.3150684931506849,0.42028985507246375,0.34328358208955223,73,73,-0.07700627298291152,0.5370370370370371,0.47058823529411764,0.3020833333333333,0.25,0.38666666666666666,0.32653061224489793,96,96,-0.060136054421768725,"{""BUY"": 54, ""HOLD"": 65, ""SELL"": 87}","{""BUY"": 40, ""HOLD"": 72, ""SELL"": 94}",0.31498506964604905,75,"{""BUY"": 51, ""HOLD"": 61, ""SELL"": 94}","{""BUY"": 38, ""HOLD"": 70, ""SELL"": 98}",0.314672682417985,75,10,14,-0.0003123872280640372,2026-01-27,2026-02-10,0,True
HINDALCO.NS,2026-02-10,55,57,1028,1028,1028,2021-09-27,2025-03-12,2025-03-13,2026-01-27,822,822,206,206,True,0.39483315591316087,0.4069444444444444,0.012111288531283515,0.39483315591316087,0.4069444444444444,0.41262135922330095,0.4223300970873786,SELL,HOLD,0.345679012345679,0.4,0.05432098765432103,2,1,,True,0.2978723404255319,0.34782608695652173,0.4117647058823529,0.47058823529411764,0.345679012345679,0.4,34,34,0.05432098765432103,0.352112676056338,0.3,0.35714285714285715,0.3,0.3546099290780142,0.3,70,70,-0.05460992907801421,0.5227272727272727,0.5555555555555556,0.45098039215686275,0.49019607843137253,0.4842105263157895,0.5208333333333334,102,102,0.03662280701754389,"{""BUY"": 88, ""HOLD"": 71, ""SELL"": 47}","{""BUY"": 88, ""HOLD"": 71, ""SELL"": 47}",0.30195415237453066,30,"{""BUY"": 90, ""HOLD"": 70, ""SELL"": 46}","{""BUY"": 90, ""HOLD"": 70, ""SELL"": 46}",0.3117901052960005,30,10,4,0.009835952921469826,2026-01-27,2026-02-10,0,True
HINDUNILVR.NS,2026-02-10,55,57,1028,1028,1028,2021-09-27,2025-03-12,2025-03-13,2026-01-27,822,822,206,206,True,0.45833037540354615,0.4319860930030422,-0.02634428240050396,0.45833037540354615,0.4319860930030422,0.47572815533980584,0.441747572815534,SELL,BUY,0.38461538461538464,0.42857142857142855,0.04395604395604391,1,2,,True,0.3508771929824561,0.36923076923076925,0.425531914893617,0.5106382978723404,0.38461538461538464,0.42857142857142855,47,47,0.04395604395604391,0.5666666666666667,0.5172413793103449,0.5368421052631579,0.47368421052631576,0.5513513513513514,0.4945054945054945,95,95,-0.05684585684585686,0.4576271186440678,0.4074074074074074,0.421875,0.34375,0.43902439024390244,0.3728813559322034,64,64,-0.06614303431169904,"{""BUY"": 59, ""HOLD"": 90, ""SELL"": 57}","{""BUY"": 59, ""HOLD"": 90, ""SELL"": 57}",0.3675027475845205,75,"{""BUY"": 54, ""HOLD"": 87, ""SELL"": 65}","{""BUY"": 54, ""HOLD"": 87, ""SELL"": 65}",0.34956902608661944,75,10,16,-0.017933721497901067,2026-01-27,2026-02-10,0,True
ICICIBANK.NS,2026-02-10,55,57,1028,1028,1028,2021-09-27,2025-03-12,2025-03-13,2026-01-27,822,822,206,206,True,0.43886691086691093,0.4104365144313742,-0.028430396435536742,0.43886691086691093,0.4104365144313742,0.44660194174757284,0.4077669902912621,BUY,BUY,0.384,0.3464566929133858,-0.037543307086614186,1,2,,True,0.5348837209302325,0.5294117647058824,0.3709677419354839,0.43548387096774194,0.4380952380952381,0.4778761061946903,62,62,0.039780868099452193,0.4838709677419355,0.42168674698795183,0.5056179775280899,0.39325842696629215,0.4945054945054945,0.4069767441860465,89,89,-0.08752875031944801,0.34285714285714286,0.3055555555555556,0.43636363636363634,0.4,0.384,0.3464566929133858,55,55,-0.037543307086614186,"{""BUY"": 70, ""HOLD"": 93, ""SELL"": 43}","{""BUY"": 70, ""HOLD"": 93, ""SELL"": 43}",0.3306531479577767,75,"{""BUY"": 72, ""HOLD"": 83, ""SELL"": 51}","{""BUY"": 72, ""HOLD"": 83, ""SELL"": 51}",0.32185129565227094,75,10,20,-0.008801852305505786,2026-01-27,2026-02-10,0,True
INDIGO.NS,2026-02-10,55,57,1028,1028,1028,2021-09-27,2025-03-12,2025-03-13,2026-01-27,822,822,206,206,True,0.3343353627600203,0.3448142519419115,0.010478889181891216,0.30374011952959323,0.3184254126988837,0.34951456310679613,0.34951456310679613,SELL,SELL,0.24444444444444444,0.2916666666666667,0.04722222222222225,2,1,,True,0.3235294117647059,0.35,0.19642857142857142,0.25,0.24444444444444444,0.2916666666666667,56,56,0.04722222222222225,0.4745762711864407,0.5370370370370371,0.3218390804597701,0.3333333333333333,0.3835616438356164,0.41134751773049644,87,87,0.02778587389488002,0.2920353982300885,0.25892857142857145,0.5238095238095238,0.4603174603174603,0.375,0.3314285714285714,63,63,-0.043571428571428594,"{""BUY"": 113, ""HOLD"": 59, ""SELL"": 34}","{""BUY"": 119, ""HOLD"": 65, ""SELL"": 22}",0.28368767186877714,30,"{""BUY"": 112, ""HOLD"": 54, ""SELL"": 40}","{""BUY"": 124, ""HOLD"": 64, ""SELL"": 18}",0.2884008801967149,30,10,12,0.004713208327937757,2026-01-27,2026-02-10,0,True
INFY.NS,2026-02-10,55,57,1030,1030,1030,2021-09-30,2025-03-20,2025-03-21,2026-02-03,824,824,206,206,True,0.3083494345261097,0.35114466211109424,0.04279522758498455,0.3083494345261097,0.35114466211109424,0.3737864077669903,0.4029126213592233,SELL,SELL,0.14736842105263157,0.1797752808988764,0.032406859846244834,3,0,,True,0.1794871794871795,0.24242424242424243,0.125,0.14285714285714285,0.14736842105263157,0.1797752808988764,56,56,0.032406859846244834,0.43283582089552236,0.45528455284552843,0.6236559139784946,0.6021505376344086,0.5110132158590308,0.5185185185185185,93,93,0.007505302659487678,0.36363636363636365,0.38,0.21052631578947367,0.3333333333333333,0.26666666666666666,0.35514018691588783,57,57,0.08847352024922117,"{""BUY"": 33, ""HOLD"": 134, ""SELL"": 39}","{""BUY"": 33, ""HOLD"": 134, ""SELL"": 39}",0.37186165741658006,75,"{""BUY"": 50, ""HOLD"": 123, ""SELL"": 33}","{""BUY"": 50, ""HOLD"": 123, ""SELL"": 33}",0.34647359968207747,75,5,34,-0.02538805773450259,2026-02-03,2026-02-10,0,True
ITC.NS,2026-02-10,55,57,1028,1028,1028,2021-09-27,2025-03-12,2025-03-13,2026-01-27,822,822,206,206,True,0.3690566037735849,0.39132098158168005,0.022264377808095148,0.3690566037735849,0.39132098158168005,0.4174757281553398,0.42718446601941745,BUY,BUY,0.26,0.2616822429906542,0.0016822429906541703,2,1,,True,0.42857142857142855,0.6,0.23076923076923078,0.27692307692307694,0.3,0.37894736842105264,65,65,0.07894736842105265,0.5225225225225225,0.5137614678899083,0.5742574257425742,0.5544554455445545,0.5471698113207547,0.5333333333333333,101,101,-0.01383647798742138,0.21666666666666667,0.208955223880597,0.325,0.35,0.26,0.2616822429906542,40,40,0.0016822429906541703,"{""BUY"": 60, ""HOLD"": 111, ""SELL"": 35}","{""BUY"": 60, ""HOLD"": 111, ""SELL"": 35}",0.3666761028699169,30,"{""BUY"": 67, ""HOLD"": 109, ""SELL"": 30}","{""BUY"": 67, ""HOLD"": 109, ""SELL"": 30}",0.37191125970169536,30,10,14,0.0052351568317784425,2026-01-27,2026-02-10,0,True
JSWSTEEL.NS,2026-02-10,55,57,1028,1028,1028,2021-09-27,2025-03-12,2025-03-13,2026-01-27,822,822,206,206,True,0.32197718658642066,0.31944786896794647,-0.0025293176184741917,0.32197718658642066,0.31944786896794647,0.3640776699029126,0.34951456310679613,SELL,SELL,0.12345679012345678,0.16470588235294117,0.04124909222948439,1,2,,True,0.125,0.1590909090909091,0.12195121951219512,0.17073170731707318,0.12345679012345678,0.16470588235294117,41,41,0.04124909222948439,0.410958904109589,0.3918918918918919,0.3488372093023256,0.3372093023255814,0.37735849056603776,0.3625,86,86,-0.014858490566037774,0.43010752688172044,0.4090909090909091,0.5063291139240507,0.45569620253164556,0.46511627906976744,0.4311377245508982,79,79,-0.03397855451886922,"{""BUY"": 93, ""HOLD"": 73, ""SELL"": 40}","{""BUY"": 93, ""HOLD"": 73, ""SELL"": 40}",0.3621035819253974,30,"{""BUY"": 88, ""HOLD"": 74, ""SELL"": 44}","{""BUY"": 88, ""HOLD"": 74, ""SELL"": 44}",0.3516515349518382,30,10,10,-0.01045204697355917,2026-01-27,2026-02-10,0,True
KOTAKBANK.NS,2026-02-10,55,57,1028,1028,1028,2021-09-27,2025-03-12,2025-03-13,2026-01-27,822,822,206,206,True,0.3744971264367816,0.3619618900191656,-0.012535236417616002,0.33576775776088486,0.35837978446674096,0.39805825242718446,0.36893203883495146,SELL,SELL,0.2,0.3025210084033613,0.10252100840336131,1,2,,True,0.19298245614035087,0.2727272727272727,0.20754716981132076,0.33962264150943394,0.2,0.3025210084033613,53,53,0.10252100840336131,0.5056179775280899,0.4666666666666667,0.5294117647058824,0.4117647058823529,0.5172413793103449,0.4375,85,85,-0.07974137931034486,0.43333333333333335,0.35384615384615387,0.38235294117647056,0.3382352941176471,0.40625,0.3458646616541353,68,68,-0.06038533834586468,"{""BUY"": 60, ""HOLD"": 89, ""SELL"": 57}","{""BUY"": 42, ""HOLD"": 109, ""SELL"": 55}",0.3664517127392727,75,"{""BUY"": 65, ""HOLD"": 75, ""SELL"": 66}","{""BUY"": 47, ""HOLD"": 95, ""SELL"": 64}",0.34949677788657124,75,10,28,-0.016954934852701442,2026-01-27,2026-02-10,0,True
LT.NS,2026-02-10,55,57,1028,1028,1028,2021-09-27,2025-03-12,2025-03-13,2026-01-27,822,822,206,206,True,0.40233001405650803,0.42376446509171223,0.021434451035204194,0.40233001405650803,0.42376446509171223,0.441747572815534,0.45145631067961167,SELL,SELL,0.23529411764705882,0.33707865168539325,0.10178453403833443,2,1,,True,0.25,0.3409090909090909,0.2222222222222222,0.3333333333333333,0.23529411764705882,0.33707865168539325,45,45,0.10178453403833443,0.5471698113207547,0.5319148936170213,0.35802469135802467,0.30864197530864196,0.43283582089552236,0.390625,81,81,-0.04221082089552236,0.46017699115044247,0.4608695652173913,0.65,0.6625,0.538860103626943,0.5435897435897435,80,80,0.004729639962800514,"{""BUY"": 113, ""HOLD"": 53, ""SELL"": 40}","{""BUY"": 113, ""HOLD"": 53, ""SELL"": 40}",0.38905330477476396,75,"{""BUY"": 115, ""HOLD"": 47, ""SELL"": 44}","{""BUY"": 115, ""HOLD"": 47, ""SELL"": 44}",0.3889554647578574,75,10,12,-9.784001690654742e-05,2026-01-27,2026-02-10,0,True
M&M.NS,2026-02-10,55,57,1028,1028,1028,2021-09-27,2025-03-12,2025-03-13,2026-01-27,822,822,206,206,True,0.3544357864357865,0.3540185933445024,-0.0004171930912840738,0.3746463146942763,0.3626248301282972,0.3786407766990291,0.3883495145631068,BUY,SELL,0.304,0.4028776978417266,0.09887769784172662,1,2,,True,0.35294117647058826,0.26666666666666666,0.27906976744186046,0.18604651162790697,0.3116883116883117,0.2191780821917808,43,43,-0.09251022949653087,0.376,0.3826086956521739,0.5529411764705883,0.5176470588235295,0.44761904761904764,0.44,85,85,-0.007619047619047636,0.40425531914893614,0.45901639344262296,0.24358974358974358,0.358974358974359,0.304,0.4028776978417266,78,78,0.09887769784172662,"{""BUY"": 47, ""HOLD"": 125, ""SELL"": 34}","{""BUY"": 61, ""HOLD"": 104, ""SELL"": 41}",0.31922927781633603,75,"{""BUY"": 61, ""HOLD"": 115, ""SELL"": 30}","{""BUY"": 85, ""HOLD"": 77, ""SELL"": 44}",0.3162495690501699,75,10,28,-0.002979708766166156,2026-01-27,2026-02-10,0,True
MARUTI.NS,2026-02-10,55,57,551,551,551,2023-09-26,2025-08-06,2025-08-07,2026-01-27,440,440,111,111,True,0.30436162472504563,0.2885878912968696,-0.015773733428176007,0.30436162472504563,0.2885878912968696,0.3153153153153153,0.3153153153153153,BUY,BUY,0.16393442622950818,0.07017543859649122,-0.09375898763301696,2,1,BUY,True,0.32075471698113206,0.3333333333333333,0.68,0.8,0.4358974358974359,0.47058823529411764,25,25,0.03469079939668174,0.25,0.2653061224489796,0.41935483870967744,0.41935483870967744,0.3132530120481928,0.325,31,31,0.01174698795180723,0.8333333333333334,1.0,0.09090909090909091,0.03636363636363636,0.16393442622950818,0.07017543859649122,55,55,-0.09375898763301696,"{""BUY"": 6, ""HOLD"": 52, ""SELL"": 53}","{""BUY"": 6, ""HOLD"": 52, ""SELL"": 53}",0.35558806039235585,30,"{""BUY"": 2, ""HOLD"": 49, ""SELL"": 60}","{""BUY"": 2, ""HOLD"": 49, ""SELL"": 60}",0.3535317140897142,30,10,14,-0.002056346302641676,2026-01-27,2026-02-10,0,True
NESTLEIND.NS,2026-02-10,55,57,1028,1028,1028,2021-09-27,2025-03-12,2025-03-13,2026-01-27,822,822,206,206,True,0.2655901116427432,0.32265308127377096,0.05706296963102775,0.2655901116427432,0.32265308127377096,0.38349514563106796,0.41262135922330095,SELL,BUY,0.125,0.2988505747126437,0.1738505747126437,2,1,BUY,True,0.17391304347826086,0.2826086956521739,0.0975609756097561,0.3170731707317073,0.125,0.2988505747126437,41,41,0.1738505747126437,0.41317365269461076,0.4594594594594595,0.8023255813953488,0.7906976744186046,0.5454545454545454,0.5811965811965812,86,86,0.03574203574203583,0.375,0.3333333333333333,0.0759493670886076,0.05063291139240506,0.12631578947368421,0.08791208791208792,79,79,-0.038403701561596296,"{""BUY"": 16, ""HOLD"": 167, ""SELL"": 23}","{""BUY"": 16, ""HOLD"": 167, ""SELL"": 23}",0.37116531901019895,30,"{""BUY"": 12, ""HOLD"": 148, ""SELL"": 46}","{""BUY"": 12, ""HOLD"": 148, ""SELL"": 46}",0.36478987600632223,30,10,46,-0.006375443003876713,2026-01-27,2026-02-10,0,True
NTPC.NS,2026-02-10,55,57,1033,1033,1033,2021-09-27,2025-03-19,2025-03-20,2026-02-03,826,826,207,207,True,0.3348184215865287,0.3026223841445318,-0.032196037441996894,0.3348184215865287,0.3026223841445318,0.34782608695652173,0.32367149758454106,SELL,SELL,0.24,0.17204301075268819,-0.0679569892473118,1,2,,True,0.24489795918367346,0.19047619047619047,0.23529411764705882,0.1568627450980392,0.24,0.17204301075268819,51,51,-0.0679569892473118,0.4838709677419355,0.5,0.30927835051546393,0.30927835051546393,0.37735849056603776,0.3821656050955414,97,97,0.004807114529503664,0.3125,0.2761904761904762,0.5084745762711864,0.4915254237288136,0.3870967741935484,0.35365853658536583,59,59,-0.03343823760818254,"{""BUY"": 96, ""HOLD"": 62, ""SELL"": 49}","{""BUY"": 96, ""HOLD"": 62, ""SELL"": 49}",0.3273629033485715,75,"{""BUY"": 105, ""HOLD"": 60, ""SELL"": 42}","{""BUY"": 105, ""HOLD"": 60, ""SELL"": 42}",0.3430619485677704,75,5,18,0.015699045219198904,2026-02-03,2026-02-10,0,True
ONGC.NS,2026-02-10,55,57,1028,1028,1028,2021-09-27,2025-03-12,2025-03-13,2026-01-27,822,822,206,206,True,0.3643151407622465,0.33310126456238176,-0.031213876199864765,0.3642290089809916,0.34428316781257956,0.3737864077669903,0.3446601941747573,BUY,SELL,0.3090909090909091,0.2975206611570248,-0.011570247933884281,1,2,,True,0.27710843373493976,0.2191780821917808,0.4423076923076923,0.3076923076923077,0.34074074074074073,0.256,52,52,-0.08474074074074073,0.45121951219512196,0.4567901234567901,0.43529411764705883,0.43529411764705883,0.4431137724550898,0.4457831325301205,85,85,0.002669360075030658,0.4146341463414634,0.34615384615384615,0.2463768115942029,0.2608695652173913,0.3090909090909091,0.2975206611570248,69,69,-0.011570247933884281,"{""BUY"": 41, ""HOLD"": 82, ""SELL"": 83}","{""BUY"": 49, ""HOLD"": 100, ""SELL"": 57}",0.31907325414555626,75,"{""BUY"": 52, ""HOLD"": 81, ""SELL"": 73}","{""BUY"": 57, ""HOLD"": 102, ""SELL"": 47}",0.32354200671849265,75,10,22,0.004468752572936385,2026-01-27,2026-02-10,0,True
POWERGRID.NS,2026-02-10,55,57,1033,1033,1033,2021-09-27,2025-03-19,2025-03-20,2026-02-03,826,826,207,207,True,0.3240841799657184,0.30535041231845145,-0.018733767647266975,0.3240841799657184,0.30535041231845145,0.32367149758454106,0.30917874396135264,BUY,SELL,0.2753623188405797,0.3108108108108108,0.03544849197023109,2,1,,True,0.39622641509433965,0.30612244897959184,0.3181818181818182,0.22727272727272727,0.35294117647058826,0.2608695652173913,66,66,-0.09207161125319696,0.3253012048192771,0.33766233766233766,0.36486486486486486,0.35135135135135137,0.34394904458598724,0.3443708609271523,74,74,0.00042181634116505995,0.2676056338028169,0.2839506172839506,0.2835820895522388,0.34328358208955223,0.2753623188405797,0.3108108108108108,67,67,0.03544849197023109,"{""BUY"": 71, ""HOLD"": 83, ""SELL"": 53}","{""BUY"": 71, ""HOLD"": 83, ""SELL"": 53}",0.3119730850860597,75,"{""BUY"": 81, ""HOLD"": 77, ""SELL"": 49}","{""BUY"": 81, ""HOLD"": 77, ""SELL"": 49}",0.33343855849782933,75,5,20,0.02146547341176963,2026-02-03,2026-02-10,0,True
RELIANCE.NS,2026-02-10,55,57,1025,1025,1025,2021-09-30,2025-03-13,2025-03-17,2026-01-27,820,820,205,205,True,0.24722569879015435,0.28575043920661974,0.03852474041646539,0.24722569879015435,0.28575043920661974,0.2780487804878049,0.2975609756097561,HOLD,HOLD,0.10638297872340426,0.18691588785046728,0.08053290912706303,2,1,,True,0.2857142857142857,0.2761904761904762,0.6666666666666666,0.5370370370370371,0.4,0.36477987421383645,54,54,-0.03522012578616357,0.23809523809523808,0.29411764705882354,0.0684931506849315,0.136986301369863,0.10638297872340426,0.18691588785046728,73,73,0.08053290912706303,0.27586206896551724,0.3333333333333333,0.20512820512820512,0.28205128205128205,0.23529411764705882,0.3055555555555556,78,78,0.07026143790849676,"{""BUY"": 58, ""HOLD"": 21, ""SELL"": 126}","{""BUY"": 58, ""HOLD"": 21, ""SELL"": 126}",0.3239361977036963,30,"{""BUY"": 66, ""HOLD"": 34, ""SELL"": 105}","{""BUY"": 66, ""HOLD"": 34, ""SELL"": 105}",0.3204811290637414,30,10,42,-0.003455068639954928,2026-01-27,2026-02-10,0,True
SBILIFE.NS,2026-02-10,55,57,1028,1028,1028,2021-09-27,2025-03-12,2025-03-13,2026-01-27,822,822,206,206,True,0.2914173885061698,0.29010335941800985,-0.0013140290881599737,0.2914173885061698,0.29010335941800985,0.3155339805825243,0.32524271844660196,BUY,BUY,0.1834862385321101,0.1553398058252427,-0.028146432706867397,2,1,,True,0.15151515151515152,0.16666666666666666,0.5357142857142857,0.5357142857142857,0.23622047244094488,0.2542372881355932,28,28,0.01801681569464833,0.6060606060606061,0.5432098765432098,0.36363636363636365,0.4,0.45454545454545453,0.4607329842931937,110,110,0.006187529747739173,0.24390243902439024,0.22857142857142856,0.14705882352941177,0.11764705882352941,0.1834862385321101,0.1553398058252427,68,68,-0.028146432706867397,"{""BUY"": 41, ""HOLD"": 66, ""SELL"": 99}","{""BUY"": 41, ""HOLD"": 66, ""SELL"": 99}",0.30997904098539136,30,"{""BUY"": 35, ""HOLD"": 81, ""SELL"": 90}","{""BUY"": 35, ""HOLD"": 81, ""SELL"": 90}",0.30619700758403157,30,10,30,-0.0037820334013597967,2026-01-27,2026-02-10,0,True
SBIN.NS,2026-02-10,55,57,1033,1033,1033,2021-09-27,2025-03-19,2025-03-20,2026-02-03,826,826,207,207,True,0.2815778868264467,0.26847470528769135,-0.013103181538755337,0.2833514050781603,0.26126126126126126,0.357487922705314,0.357487922705314,BUY,BUY,0.06666666666666667,0.046511627906976744,-0.020155038759689922,1,2,BUY,True,0.16666666666666666,0.14102564102564102,0.41935483870967744,0.3548387096774194,0.23853211009174313,0.2018348623853211,31,31,-0.03669724770642202,0.49572649572649574,0.5041322314049587,0.5918367346938775,0.6224489795918368,0.5395348837209303,0.5570776255707762,98,98,0.017542741849845944,0.25,0.25,0.038461538461538464,0.02564102564102564,0.06666666666666667,0.046511627906976744,78,78,-0.020155038759689922,"{""BUY"": 12, ""HOLD"": 117, ""SELL"": 78}","{""BUY"": 7, ""HOLD"": 119, ""SELL"": 81}",0.3247022725158225,75,"{""BUY"": 8, ""HOLD"": 121, ""SELL"": 78}","{""BUY"": 3, ""HOLD"": 124, ""SELL"": 80}",0.3333351127387299,75,5,8,0.00863284022290739,2026-02-03,2026-02-10,0,True
SUNPHARMA.NS,2026-02-10,55,57,1027,1027,1027,2021-09-28,2025-03-12,2025-03-13,2026-01-27,821,821,206,206,True,0.39170288152846294,0.3601268577750704,-0.031576023753392524,0.39170288152846294,0.3601268577750704,0.42718446601941745,0.39805825242718446,SELL,SELL,0.23255813953488372,0.24742268041237114,0.014864540877487425,2,1,BUY,True,0.3448275862068966,0.3,0.17543859649122806,0.21052631578947367,0.23255813953488372,0.24742268041237114,57,57,0.014864540877487425,0.4716981132075472,0.48598130841121495,0.5434782608695652,0.5652173913043478,0.5050505050505051,0.5226130653266332,92,92,0.017562560276128125,0.39436619718309857,0.3050847457627119,0.49122807017543857,0.3157894736842105,0.4375,0.3103448275862069,57,57,-0.1271551724137931,"{""BUY"": 71, ""HOLD"": 106, ""SELL"": 29}","{""BUY"": 71, ""HOLD"": 106, ""SELL"": 29}",0.4354668717188252,75,"{""BUY"": 59, ""HOLD"": 107, ""SELL"": 40}","{""BUY"": 59, ""HOLD"": 107, ""SELL"": 40}",0.4283149283456749,75,10,24,-0.007151943373150282,2026-01-27,2026-02-10,0,True
TATACONSUM.NS,2026-02-10,55,57,1027,1027,1027,2021-09-28,2025-03-12,2025-03-13,2026-01-27,821,821,206,206,True,0.2829545774548731,0.2528347636615353,-0.030119813793337835,0.301877881197322,0.2676068896907348,0.3106796116504854,0.3106796116504854,SELL,SELL,0.20224719101123595,0.12987012987012986,-0.07237706114110609,1,2,,True,0.16363636363636364,0.11627906976744186,0.2647058823529412,0.14705882352941177,0.20224719101123595,0.12987012987012986,34,34,-0.07237706114110609,0.4878048780487805,0.49,0.37037037037037035,0.4537037037037037,0.42105263157894735,0.47115384615384615,108,108,0.0501012145748988,0.21739130434782608,0.15873015873015872,0.234375,0.15625,0.22556390977443608,0.15748031496062992,64,64,-0.06808359481380616,"{""BUY"": 69, ""HOLD"": 82, ""SELL"": 55}","{""BUY"": 55, ""HOLD"": 115, ""SELL"": 36}",0.3235445568932437,30,"{""BUY"": 63, ""HOLD"": 100, ""SELL"": 43}","{""BUY"": 45, ""HOLD"": 131, ""SELL"": 30}",0.3208527235879674,30,10,36,-0.002691833305276281,2026-01-27,2026-02-10,0,True
TATASTEEL.NS,2026-02-10,55,57,1027,1027,1027,2021-09-28,2025-03-12,2025-03-13,2026-01-27,821,821,206,206,True,0.46452850279184515,0.44282946266026957,-0.021699040131575587,0.42058269330996606,0.42817525077532914,0.470873786407767,0.44660194174757284,HOLD,HOLD,0.352,0.38016528925619836,0.028165289256198378,1,2,,True,0.36666666666666664,0.3333333333333333,0.717391304347826,0.717391304347826,0.4852941176470588,0.45517241379310347,46,46,-0.03012170385395535,0.4489795918367347,0.5111111111111111,0.2894736842105263,0.3026315789473684,0.352,0.38016528925619836,76,76,0.028165289256198378,0.6268656716417911,0.5806451612903226,0.5,0.42857142857142855,0.5562913907284768,0.4931506849315068,84,84,-0.06314070579696995,"{""BUY"": 67, ""HOLD"": 49, ""SELL"": 90}","{""BUY"": 37, ""HOLD"": 67, ""SELL"": 102}",0.41113535273051527,75,"{""BUY"": 62, ""HOLD"": 45, ""SELL"": 99}","{""BUY"": 34, ""HOLD"": 61, ""SELL"": 111}",0.4106885941785021,75,10,18,-0.00044675855201314896,2026-01-27,2026-02-10,0,True
TCS.NS,2026-02-10,55,57,1027,1027,1027,2021-09-28,2025-03-12,2025-03-13,2026-01-27,821,821,206,206,True,0.38828909772306003,0.3830376419787853,-0.005251455744274713,0.38828909772306003,0.3830376419787853,0.39805825242718446,0.39805825242718446,SELL,SELL,0.3047619047619048,0.32075471698113206,0.01599281221922727,2,1,,True,0.41025641025641024,0.425,0.24242424242424243,0.25757575757575757,0.3047619047619048,0.32075471698113206,66,66,0.01599281221922727,0.40476190476190477,0.3728813559322034,0.4533333333333333,0.29333333333333333,0.4276729559748428,0.3283582089552239,75,75,-0.0993147470196189,0.3855421686746988,0.40186915887850466,0.49230769230769234,0.6615384615384615,0.43243243243243246,0.5,65,65,0.06756756756756754,"{""BUY"": 83, ""HOLD"": 84, ""SELL"": 39}","{""BUY"": 83, ""HOLD"": 84, ""SELL"": 39}",0.34961175502813596,30,"{""BUY"": 107, ""HOLD"": 59, ""SELL"": 40}","{""BUY"": 107, ""HOLD"": 59, ""SELL"": 40}",0.3447879062887982,30,10,50,-0.004823848739337777,2026-01-27,2026-02-10,0,True
TECHM.NS,2026-02-10,55,57,1027,1027,1027,2021-09-28,2025-03-12,2025-03-13,2026-01-27,821,821,206,206,True,0.31003768413840355,0.4072150072150072,0.09717732307660365,0.31003768413840355,0.4072150072150072,0.32038834951456313,0.4029126213592233,BUY,BUY,0.2158273381294964,0.34285714285714286,0.12702980472764647,2,1,,True,0.32727272727272727,0.3135593220338983,0.6206896551724138,0.6379310344827587,0.42857142857142855,0.42045454545454547,58,58,-0.008116883116883078,0.3409090909090909,0.6285714285714286,0.2459016393442623,0.36065573770491804,0.2857142857142857,0.4583333333333333,61,61,0.17261904761904762,0.28846153846153844,0.4528301886792453,0.1724137931034483,0.27586206896551724,0.2158273381294964,0.34285714285714286,87,87,0.12702980472764647,"{""BUY"": 52, ""HOLD"": 44, ""SELL"": 110}","{""BUY"": 52, ""HOLD"": 44, ""SELL"": 110}",0.312309096647649,75,"{""BUY"": 53, ""HOLD"": 35, ""SELL"": 118}","{""BUY"": 53, ""HOLD"": 35, ""SELL"": 118}",0.33071946224582477,75,10,18,0.01841036559817577,2026-01-27,2026-02-10,0,True
TITAN.NS,2026-02-10,55,57,1027,1027,1027,2021-09-28,2025-03-12,2025-03-13,2026-01-27,821,821,206,206,True,0.25390362132877103,0.3112124282337048,0.057308806904933784,0.25390362132877103,0.3112124282337048,0.2961165048543689,0.3446601941747573,HOLD,HOLD,0.08571428571428572,0.19047619047619047,0.10476190476190475,2,1,,True,0.19834710743801653,0.2127659574468085,0.5217391304347826,0.43478260869565216,0.2874251497005988,0.2857142857142857,46,46,-0.0017108639863130937,0.21428571428571427,0.2857142857142857,0.05357142857142857,0.14285714285714285,0.08571428571428572,0.19047619047619047,56,56,0.10476190476190475,0.4788732394366197,0.5119047619047619,0.3269230769230769,0.41346153846153844,0.38857142857142857,0.4574468085106383,104,104,0.06887537993920972,"{""BUY"": 71, ""HOLD"": 14, ""SELL"": 121}","{""BUY"": 71, ""HOLD"": 14, ""SELL"": 121}",0.30792045135631835,75,"{""BUY"": 84, ""HOLD"": 28, ""SELL"": 94}","{""BUY"": 84, ""HOLD"": 28, ""SELL"": 94}",0.31896754266592076,75,10,54,0.011047091309602408,2026-01-27,2026-02-10,0,True
TRENT.NS,2026-02-10,55,57,1027,1027,1027,2021-09-28,2025-03-12,2025-03-13,2026-01-27,821,821,206,206,True,0.21870254171063633,0.30815527065527065,0.08945272894463432,0.21870254171063633,0.30815527065527065,0.23300970873786409,0.3106796116504854,SELL,SELL,0.13725490196078433,0.2564102564102564,0.11915535444947206,3,0,,True,0.4666666666666667,0.5,0.08045977011494253,0.1724137931034483,0.13725490196078433,0.2564102564102564,87,87,0.11915535444947206,0.325,0.35294117647058826,0.19402985074626866,0.3582089552238806,0.24299065420560748,0.35555555555555557,67,67,0.1125649013499481,0.18543046357615894,0.23148148148148148,0.5384615384615384,0.4807692307692308,0.27586206896551724,0.3125,52,52,0.03663793103448276,"{""BUY"": 151, ""HOLD"": 40, ""SELL"": 15}","{""BUY"": 151, ""HOLD"": 40, ""SELL"": 15}",0.25759715647882414,30,"{""BUY"": 108, ""HOLD"": 68, ""SELL"": 30}","{""BUY"": 108, ""HOLD"": 68, ""SELL"": 30}",0.2607329600129608,30,10,86,0.003135803534136672,2026-01-27,2026-02-10,0,True
ULTRACEMCO.NS,2026-02-10,55,57,1027,1027,1027,2021-09-28,2025-03-12,2025-03-13,2026-01-27,821,821,206,206,True,0.37615409988236426,0.35069728883813395,-0.02545681104423031,0.37615409988236426,0.35069728883813395,0.41262135922330095,0.39805825242718446,SELL,HOLD,0.2702702702702703,0.2702702702702703,0.0,1,1,,True,0.3333333333333333,0.3333333333333333,0.22727272727272727,0.22727272727272727,0.2702702702702703,0.2702702702702703,44,44,0.0,0.4897959183673469,0.48484848484848486,0.2608695652173913,0.17391304347826086,0.3404255319148936,0.256,92,92,-0.0844255319148936,0.4015748031496063,0.3916083916083916,0.7285714285714285,0.8,0.5177664974619289,0.5258215962441315,70,70,0.008055098782202563,"{""BUY"": 127, ""HOLD"": 49, ""SELL"": 30}","{""BUY"": 127, ""HOLD"": 49, ""SELL"": 30}",0.4078297974731142,75,"{""BUY"": 143, ""HOLD"": 33, ""SELL"": 30}","{""BUY"": 143, ""HOLD"": 33, ""SELL"": 30}",0.3879018613845753,75,10,32,-0.019927936088538933,2026-01-27,2026-02-10,0,True
WIPRO.NS,2026-02-10,55,57,1032,1032,1032,2021-09-28,2025-03-19,2025-03-20,2026-02-03,825,825,207,207,True,0.363767859698753,0.3403026369656366,-0.02346522273311641,0.363767859698753,0.3403026369656366,0.43478260869565216,0.4444444444444444,BUY,BUY,0.1927710843373494,0.14285714285714285,-0.04991394148020656,1,2,,True,0.2698412698412698,0.2413793103448276,0.3953488372093023,0.32558139534883723,0.32075471698113206,0.27722772277227725,43,43,-0.04352699420885481,0.5555555555555556,0.5407407407407407,0.6018518518518519,0.6759259259259259,0.5777777777777777,0.6008230452674898,108,108,0.02304526748971203,0.2962962962962963,0.35714285714285715,0.14285714285714285,0.08928571428571429,0.1927710843373494,0.14285714285714285,56,56,-0.04991394148020656,"{""BUY"": 27, ""HOLD"": 117, ""SELL"": 63}","{""BUY"": 27, ""HOLD"": 117, ""SELL"": 63}",0.3509279993980129,75,"{""BUY"": 14, ""HOLD"": 135, ""SELL"": 58}","{""BUY"": 14, ""HOLD"": 135, ""SELL"": 58}",0.35744465172784134,75,5,36,0.006516652329828454,2026-02-03,2026-02-10,0,True
ADANIENT.NS,2026-05-08,55,57,1084,1084,1084,2021-09-28,2025-05-26,2025-05-28,2026-04-24,867,867,217,217,True,0.37840025368558255,0.3459724704042886,-0.032427783281293976,0.37840025368558255,0.3459724704042886,0.3824884792626728,0.3640552995391705,HOLD,HOLD,0.32786885245901637,0.2809917355371901,-0.04687711692182628,1,2,BUY,True,0.4230769230769231,0.41904761904761906,0.4125,0.55,0.4177215189873418,0.4756756756756757,80,80,0.057954156688333924,0.43478260869565216,0.37777777777777777,0.2631578947368421,0.2236842105263158,0.32786885245901637,0.2809917355371901,76,76,-0.04687711692182628,0.3225806451612903,0.26865671641791045,0.4918032786885246,0.29508196721311475,0.38961038961038963,0.28125,61,61,-0.10836038961038963,"{""BUY"": 93, ""HOLD"": 46, ""SELL"": 78}","{""BUY"": 93, ""HOLD"": 46, ""SELL"": 78}",0.36830810813570186,75,"{""BUY"": 67, ""HOLD"": 45, ""SELL"": 105}","{""BUY"": 67, ""HOLD"": 45, ""SELL"": 105}",0.378068129831978,75,10,54,0.009760021696276155,2026-04-24,2026-05-08,0,True
ADANIPORTS.NS,2026-05-08,55,57,1084,1084,1084,2021-09-28,2025-05-26,2025-05-28,2026-04-24,867,867,217,217,True,0.38234233852156585,0.36668476852979753,-0.015657569991768316,0.3950333525416034,0.3571235898405496,0.3824884792626728,0.3778801843317972,SELL,SELL,0.36764705882352944,0.25806451612903225,-0.10958254269449719,1,2,SELL,True,0.35714285714285715,0.27586206896551724,0.3787878787878788,0.24242424242424243,0.36764705882352944,0.25806451612903225,66,66,-0.10958254269449719,0.3783783783783784,0.42105263157894735,0.358974358974359,0.5128205128205128,0.3684210526315789,0.4624277456647399,78,78,0.09400669303316095,0.410958904109589,0.40625,0.410958904109589,0.3561643835616438,0.410958904109589,0.3795620437956204,73,73,-0.0313968603139686,"{""BUY"": 73, ""HOLD"": 74, ""SELL"": 70}","{""BUY"": 28, ""HOLD"": 111, ""SELL"": 78}",0.37363130827279956,75,"{""BUY"": 64, ""HOLD"": 95, ""SELL"": 58}","{""BUY"": 27, ""HOLD"": 127, ""SELL"": 63}",0.3646666336266381,75,10,42,-0.008964674646161463,2026-04-24,2026-05-08,0,True
APOLLOHOSP.NS,2026-05-08,55,57,1084,1084,1084,2021-09-28,2025-05-26,2025-05-28,2026-04-24,867,867,217,217,True,0.29336528853193117,0.31507616694022833,0.021710878408297163,0.2594799697072367,0.2868589743589744,0.33640552995391704,0.34101382488479265,SELL,SELL,0.1839080459770115,0.20618556701030927,0.022277521033297776,2,1,,True,0.4,0.3333333333333333,0.11940298507462686,0.14925373134328357,0.1839080459770115,0.20618556701030927,67,67,0.022277521033297776,0.2976190476190476,0.31386861313868614,0.704225352112676,0.6056338028169014,0.41841004184100417,0.41346153846153844,71,71,-0.00494850337946573,0.5172413793103449,0.42,0.189873417721519,0.26582278481012656,0.2777777777777778,0.32558139534883723,79,79,0.04780361757105944,"{""BUY"": 29, ""HOLD"": 168, ""SELL"": 20}","{""BUY"": 30, ""HOLD"": 183, ""SELL"": 4}",0.3408472076600812,75,"{""BUY"": 50, ""HOLD"": 137, ""SELL"": 30}","{""BUY"": 51, ""HOLD"": 153, ""SELL"": 13}",0.34918447322381935,75,10,62,0.00833726556373815,2026-04-24,2026-05-08,0,True
ASIANPAINT.NS,2026-05-08,55,57,1084,1084,1084,2021-09-28,2025-05-26,2025-05-28,2026-04-24,867,867,217,217,True,0.3813875886225646,0.4016314010593187,0.020243812436754105,0.3813875886225646,0.4016314010593187,0.4147465437788018,0.4147465437788018,BUY,SELL,0.19230769230769232,0.39097744360902253,0.19866975130133022,1,2,,True,0.4027777777777778,0.36538461538461536,0.4461538461538462,0.2923076923076923,0.4233576642335766,0.3247863247863248,65,65,-0.09857133944725183,0.4180327868852459,0.39823008849557523,0.7183098591549296,0.6338028169014085,0.5284974093264249,0.4891304347826087,71,71,-0.03936697454381616,0.43478260869565216,0.5,0.12345679012345678,0.32098765432098764,0.19230769230769232,0.39097744360902253,81,81,0.19866975130133022,"{""BUY"": 23, ""HOLD"": 122, ""SELL"": 72}","{""BUY"": 23, ""HOLD"": 122, ""SELL"": 72}",0.32435499183552113,75,"{""BUY"": 52, ""HOLD"": 113, ""SELL"": 52}","{""BUY"": 52, ""HOLD"": 113, ""SELL"": 52}",0.32176508395039627,75,10,58,-0.0025899078851248647,2026-04-24,2026-05-08,0,True
AXISBANK.NS,2026-05-08,55,57,1084,1084,1084,2021-09-28,2025-05-26,2025-05-28,2026-04-24,867,867,217,217,True,0.4227676350011846,0.4290030632135895,0.006235428212404914,0.4227676350011846,0.4290030632135895,0.45161290322580644,0.45161290322580644,SELL,SELL,0.24242424242424243,0.29473684210526313,0.0523125996810207,1,2,,True,0.4,0.5384615384615384,0.17391304347826086,0.2028985507246377,0.24242424242424243,0.29473684210526313,69,69,0.0523125996810207,0.37623762376237624,0.3490566037735849,0.5846153846153846,0.5692307692307692,0.4578313253012048,0.4327485380116959,65,65,-0.025082787289508912,0.5581395348837209,0.5529411764705883,0.5783132530120482,0.5662650602409639,0.5680473372781065,0.5595238095238095,83,83,-0.008523527754296989,"{""BUY"": 86, ""HOLD"": 101, ""SELL"": 30}","{""BUY"": 86, ""HOLD"": 101, ""SELL"": 30}",0.3279102426154106,75,"{""BUY"": 85, ""HOLD"": 106, ""SELL"": 26}","{""BUY"": 85, ""HOLD"": 106, ""SELL"": 26}",0.34078956315557657,75,10,10,0.012879320540165995,2026-04-24,2026-05-08,0,True
BAJAJ-AUTO.NS,2026-05-08,55,57,1084,1084,1084,2021-09-28,2025-05-26,2025-05-28,2026-04-24,867,867,217,217,True,0.26622923368286194,0.2167526387790705,-0.04947659490379144,0.26622923368286194,0.2167526387790705,0.3317972350230415,0.28110599078341014,HOLD,SELL,0.13861386138613863,0.20512820512820512,0.0665143437420665,1,2,SELL,True,0.20930232558139536,0.02702702702702703,0.16981132075471697,0.018867924528301886,0.1875,0.022222222222222223,53,53,-0.16527777777777777,0.3333333333333333,0.32432432432432434,0.0875,0.15,0.13861386138613863,0.20512820512820512,80,80,0.0665143437420665,0.3660130718954248,0.3356643356643357,0.6666666666666666,0.5714285714285714,0.47257383966244726,0.42290748898678415,84,84,-0.04966635067566311,"{""BUY"": 153, ""HOLD"": 21, ""SELL"": 43}","{""BUY"": 153, ""HOLD"": 21, ""SELL"": 43}",0.2732431694507755,75,"{""BUY"": 143, ""HOLD"": 37, ""SELL"": 37}","{""BUY"": 143, ""HOLD"": 37, ""SELL"": 37}",0.27946579254927545,75,10,32,0.006222623098499969,2026-04-24,2026-05-08,0,True
BAJFINANCE.NS,2026-05-08,55,57,1084,1084,1084,2021-09-28,2025-05-26,2025-05-28,2026-04-24,867,867,217,217,True,0.3681654270903764,0.39657940949374443,0.02841398240336801,0.3681654270903764,0.39657940949374443,0.4055299539170507,0.43317972350230416,BUY,BUY,0.1839080459770115,0.19801980198019803,0.014111756003186537,3,0,,True,0.391304347826087,0.5,0.5294117647058824,0.4264705882352941,0.45,0.4603174603174603,68,68,0.01031746031746028,0.411214953271028,0.4330708661417323,0.55,0.6875,0.47058823529411764,0.5314009661835749,80,80,0.06081273088945727,0.4444444444444444,0.3125,0.11594202898550725,0.14492753623188406,0.1839080459770115,0.19801980198019803,69,69,0.014111756003186537,"{""BUY"": 18, ""HOLD"": 107, ""SELL"": 92}","{""BUY"": 18, ""HOLD"": 107, ""SELL"": 92}",0.37750292459034773,75,"{""BUY"": 32, ""HOLD"": 127, ""SELL"": 58}","{""BUY"": 32, ""HOLD"": 127, ""SELL"": 58}",0.3717548451138316,75,10,68,-0.005748079476516121,2026-04-24,2026-05-08,0,True
BAJAJFINSV.NS,2026-05-08,55,57,1088,1088,1088,2021-09-28,2025-05-30,2025-06-02,2026-04-30,870,870,218,218,True,0.35559724406184695,0.36320678809158075,0.007609544029733795,0.35559724406184695,0.36320678809158075,0.40825688073394495,0.44036697247706424,SELL,SELL,0.23300970873786409,0.23655913978494625,0.0035494310470821633,2,1,,True,0.2608695652173913,0.3055555555555556,0.21052631578947367,0.19298245614035087,0.23300970873786409,0.23655913978494625,57,57,0.0035494310470821633,0.5254237288135594,0.5625,0.5299145299145299,0.6153846153846154,0.5276595744680851,0.5877551020408164,117,117,0.06009552757273129,0.2777777777777778,0.24074074074074073,0.3409090909090909,0.29545454545454547,0.30612244897959184,0.2653061224489796,44,44,-0.040816326530612235,"{""BUY"": 54, ""HOLD"": 118, ""SELL"": 46}","{""BUY"": 54, ""HOLD"": 118, ""SELL"": 46}",0.34504956648924495,75,"{""BUY"": 54, ""HOLD"": 128, ""SELL"": 36}","{""BUY"": 54, ""HOLD"": 128, ""SELL"": 36}",0.32816448964922346,75,5,20,-0.016885076840021496,2026-04-30,2026-05-07,0,True
BEL.NS,2026-05-08,55,57,1084,1084,1084,2021-09-28,2025-05-26,2025-05-28,2026-04-24,867,867,217,217,True,0.3204403911300463,0.3101213818860878,-0.01031900924395851,0.3204403911300463,0.3101213818860878,0.3317972350230415,0.3225806451612903,SELL,SELL,0.2702702702702703,0.24761904761904763,-0.022651222651222658,1,2,,True,0.30612244897959184,0.3023255813953488,0.24193548387096775,0.20967741935483872,0.2702702702702703,0.24761904761904763,62,62,-0.022651222651222658,0.4523809523809524,0.425531914893617,0.24358974358974358,0.2564102564102564,0.31666666666666665,0.32,78,78,0.003333333333333355,0.30158730158730157,0.29133858267716534,0.4935064935064935,0.4805194805194805,0.37438423645320196,0.3627450980392157,77,77,-0.011639138413986283,"{""BUY"": 126, ""HOLD"": 42, ""SELL"": 49}","{""BUY"": 126, ""HOLD"": 42, ""SELL"": 49}",0.33446620297471624,75,"{""BUY"": 127, ""HOLD"": 47, ""SELL"": 43}","{""BUY"": 127, ""HOLD"": 47, ""SELL"": 43}",0.3415262708509194,75,10,12,0.007060067876203169,2026-04-24,2026-05-08,0,True
BHARTIARTL.NS,2026-05-08,55,57,1084,1084,1084,2021-09-28,2025-05-26,2025-05-28,2026-04-24,867,867,217,217,True,0.31476373096503624,0.29528617500365334,-0.019477555961382897,0.31476373096503624,0.29528617500365334,0.33640552995391704,0.3548387096774194,SELL,SELL,0.20224719101123595,0.12345679012345678,-0.07879040088777917,1,2,BUY,True,0.45,0.4166666666666667,0.13043478260869565,0.07246376811594203,0.20224719101123595,0.12345679012345678,69,69,-0.07879040088777917,0.3473684210526316,0.40298507462686567,0.39759036144578314,0.6506024096385542,0.3707865168539326,0.4976958525345622,83,83,0.12690933568062962,0.30392156862745096,0.2535211267605634,0.47692307692307695,0.27692307692307694,0.3712574850299401,0.2647058823529412,65,65,-0.10655160267699892,"{""BUY"": 102, ""HOLD"": 95, ""SELL"": 20}","{""BUY"": 102, ""HOLD"": 95, ""SELL"": 20}",0.33951071443534947,75,"{""BUY"": 71, ""HOLD"": 134, ""SELL"": 12}","{""BUY"": 71, ""HOLD"": 134, ""SELL"": 12}",0.3467180531914237,75,10,78,0.007207338756074211,2026-04-24,2026-05-08,0,True
BRITANNIA.NS,2026-05-08,55,57,1084,1084,1084,2021-09-28,2025-05-26,2025-05-28,2026-04-24,867,867,217,217,True,0.30911056999558467,0.3007724301841949,-0.008338139811389755,0.29892329892329894,0.32523259857207387,0.3456221198156682,0.33640552995391704,SELL,SELL,0.1686746987951807,0.1411764705882353,-0.02749822820694542,1,2,,True,0.2916666666666667,0.23076923076923078,0.11864406779661017,0.1016949152542373,0.1686746987951807,0.1411764705882353,59,59,-0.02749822820694542,0.44,0.43956043956043955,0.4583333333333333,0.4166666666666667,0.4489795918367347,0.42780748663101603,96,96,-0.02117210520571866,0.25806451612903225,0.27,0.3870967741935484,0.43548387096774194,0.3096774193548387,0.3333333333333333,62,62,0.02365591397849459,"{""BUY"": 93, ""HOLD"": 100, ""SELL"": 24}","{""BUY"": 68, ""HOLD"": 124, ""SELL"": 25}",0.3756994852625165,75,"{""BUY"": 100, ""HOLD"": 91, ""SELL"": 26}","{""BUY"": 69, ""HOLD"": 120, ""SELL"": 28}",0.36994829019584846,75,10,18,-0.005751195066668047,2026-04-24,2026-05-08,0,True
CIPLA.NS,2026-05-08,55,57,1084,1084,1084,2021-09-28,2025-05-26,2025-05-28,2026-04-24,867,867,217,217,True,0.3419017331698088,0.3410612731608879,-0.0008404600089209069,0.3510476978218913,0.3265744553933951,0.39631336405529954,0.4055299539170507,BUY,BUY,0.1794871794871795,0.20253164556962025,0.023044466082440762,2,1,,True,0.3793103448275862,0.3469387755102041,0.3333333333333333,0.25757575757575757,0.3548387096774194,0.2956521739130435,66,66,-0.05918653576437588,0.41911764705882354,0.4375,0.59375,0.65625,0.49137931034482757,0.525,96,96,0.03362068965517245,0.30434782608695654,0.3333333333333333,0.12727272727272726,0.14545454545454545,0.1794871794871795,0.20253164556962025,55,55,0.023044466082440762,"{""BUY"": 23, ""HOLD"": 136, ""SELL"": 58}","{""BUY"": 23, ""HOLD"": 152, ""SELL"": 42}",0.30555728075114263,75,"{""BUY"": 24, ""HOLD"": 144, ""SELL"": 49}","{""BUY"": 24, ""HOLD"": 162, ""SELL"": 31}",0.2954813945957352,75,10,18,-0.010075886155407443,2026-04-24,2026-05-08,0,True
COALINDIA.NS,2026-05-08,55,57,1084,1084,1084,2021-09-28,2025-05-26,2025-05-28,2026-04-24,867,867,217,217,True,0.2681762154874024,0.27430192546471616,0.006125709977313765,0.2681762154874024,0.27430192546471616,0.29493087557603687,0.3317972350230415,HOLD,HOLD,0.15841584158415842,0.11627906976744186,-0.04213677181671656,1,2,,True,0.2463768115942029,0.25862068965517243,0.288135593220339,0.2542372881355932,0.265625,0.2564102564102564,59,59,-0.009214743589743613,0.2222222222222222,0.23809523809523808,0.12307692307692308,0.07692307692307693,0.15841584158415842,0.11627906976744186,65,65,-0.04213677181671656,0.3482142857142857,0.37681159420289856,0.41935483870967744,0.5591397849462365,0.3804878048780488,0.45021645021645024,93,93,0.06972864533840145,"{""BUY"": 112, ""HOLD"": 36, ""SELL"": 69}","{""BUY"": 112, ""HOLD"": 36, ""SELL"": 69}",0.3454754055755413,30,"{""BUY"": 138, ""HOLD"": 21, ""SELL"": 58}","{""BUY"": 138, ""HOLD"": 21, ""SELL"": 58}",0.3402470883114773,30,10,52,-0.005228317264063975,2026-04-24,2026-05-08,0,True
DRREDDY.NS,2026-05-08,55,57,1084,1084,1084,2021-09-28,2025-05-26,2025-05-28,2026-04-24,867,867,217,217,True,0.3369265895147797,0.3091540819651419,-0.027772507549637837,0.3005653185278701,0.29671743595705924,0.33640552995391704,0.3087557603686636,BUY,BUY,0.31901840490797545,0.21768707482993196,-0.10133133007804349,1,2,BUY,True,0.35,0.359375,0.3088235294117647,0.3382352941176471,0.328125,0.3484848484848485,68,68,0.02035984848484851,0.37681159420289856,0.345679012345679,0.35135135135135137,0.3783783783783784,0.36363636363636365,0.36129032258064514,74,74,-0.0023460410557185063,0.29545454545454547,0.2222222222222222,0.3466666666666667,0.21333333333333335,0.31901840490797545,0.21768707482993196,75,75,-0.10133133007804349,"{""BUY"": 88, ""HOLD"": 69, ""SELL"": 60}","{""BUY"": 107, ""HOLD"": 41, ""SELL"": 69}",0.33446472456705406,75,"{""BUY"": 72, ""HOLD"": 81, ""SELL"": 64}","{""BUY"": 108, ""HOLD"": 36, ""SELL"": 73}",0.3374894414143809,75,10,32,0.003024716847326858,2026-04-24,2026-05-08,0,True
EICHERMOT.NS,2026-05-08,55,57,1084,1084,1084,2021-09-28,2025-05-26,2025-05-28,2026-04-24,867,867,217,217,True,0.22532491116851186,0.24942497649679973,0.024100065328287873,0.2512745539061328,0.2699252315589778,0.25806451612903225,0.2672811059907834,BUY,BUY,0.041237113402061855,0.10909090909090909,0.06785379568884722,2,1,,True,0.2085889570552147,0.21782178217821782,0.8095238095238095,0.5238095238095238,0.33170731707317075,0.3076923076923077,42,42,-0.02401500938086304,0.38461538461538464,0.297029702970297,0.25,0.375,0.30303030303030304,0.3314917127071823,80,80,0.028461409676879268,1.0,0.4,0.021052631578947368,0.06315789473684211,0.041237113402061855,0.10909090909090909,95,95,0.06785379568884722,"{""BUY"": 2, ""HOLD"": 52, ""SELL"": 163}","{""BUY"": 9, ""HOLD"": 136, ""SELL"": 72}",0.3253694559219175,75,"{""BUY"": 15, ""HOLD"": 101, ""SELL"": 101}","{""BUY"": 21, ""HOLD"": 135, ""SELL"": 61}",0.32279750181610645,75,10,124,-0.0025719541058110695,2026-04-24,2026-05-08,0,True
GRASIM.NS,2026-05-08,55,57,1084,1084,1084,2021-09-28,2025-05-26,2025-05-28,2026-04-24,867,867,217,217,True,0.3054841677771432,0.2917488825545149,-0.01373528522262829,0.28945165945165946,0.29256426237558314,0.31336405529953915,0.2995391705069124,SELL,SELL,0.27184466019417475,0.23300970873786409,-0.03883495145631066,1,2,,True,0.30434782608695654,0.2608695652173913,0.24561403508771928,0.21052631578947367,0.27184466019417475,0.23300970873786409,57,57,-0.03883495145631066,0.328125,0.352112676056338,0.2625,0.3125,0.2916666666666667,0.33112582781456956,80,80,0.03945916114790288,0.308411214953271,0.28,0.4125,0.35,0.35294117647058826,0.3111111111111111,80,80,-0.04183006535947714,"{""BUY"": 107, ""HOLD"": 64, ""SELL"": 46}","{""BUY"": 116, ""HOLD"": 70, ""SELL"": 31}",0.34381923885002097,75,"{""BUY"": 100, ""HOLD"": 71, ""SELL"": 46}","{""BUY"": 105, ""HOLD"": 79, ""SELL"": 33}",0.3382976820428359,75,10,14,-0.00552155680718508,2026-04-24,2026-05-08,0,True
HCLTECH.NS,2026-05-08,55,57,1088,1088,1088,2021-09-28,2025-05-30,2025-06-02,2026-04-30,870,870,218,218,True,0.3009132420091324,0.30755415065196307,0.0066409086428306785,0.3009132420091324,0.30755415065196307,0.4541284403669725,0.4724770642201835,BUY,BUY,0.13333333333333333,0.09523809523809523,-0.0380952380952381,2,1,BUY,True,0.28,0.34782608695652173,0.11864406779661017,0.13559322033898305,0.16666666666666666,0.1951219512195122,59,59,0.028455284552845544,0.5,0.5257142857142857,0.7586206896551724,0.7931034482758621,0.6027397260273972,0.6323024054982818,116,116,0.029562679470884534,0.23529411764705882,0.15,0.09302325581395349,0.06976744186046512,0.13333333333333333,0.09523809523809523,43,43,-0.0380952380952381,"{""BUY"": 17, ""HOLD"": 176, ""SELL"": 25}","{""BUY"": 17, ""HOLD"": 176, ""SELL"": 25}",0.3483568763045047,30,"{""BUY"": 20, ""HOLD"": 175, ""SELL"": 23}","{""BUY"": 20, ""HOLD"": 175, ""SELL"": 23}",0.3184639454586468,30,5,6,-0.029892930845857868,2026-04-30,2026-05-07,0,True
HDFCBANK.NS,2026-05-08,55,57,608,608,608,2023-09-26,2025-10-15,2025-10-16,2026-04-24,486,486,122,122,True,0.2367253153638964,0.2919886548565583,0.05526333949266188,0.2367253153638964,0.2919886548565583,0.2540983606557377,0.29508196721311475,HOLD,SELL,0.1724137931034483,0.3582089552238806,0.1857951621204323,1,2,,True,0.5,0.5384615384615384,0.14035087719298245,0.12280701754385964,0.2191780821917808,0.2,57,57,-0.0191780821917808,0.38461538461538464,0.5454545454545454,0.1111111111111111,0.26666666666666666,0.1724137931034483,0.3582089552238806,45,45,0.1857951621204323,0.1935483870967742,0.19540229885057472,0.9,0.85,0.3185840707964602,0.3177570093457944,20,20,-0.0008270614506658003,"{""BUY"": 93, ""HOLD"": 13, ""SELL"": 16}","{""BUY"": 93, ""HOLD"": 13, ""SELL"": 16}",0.3521803414910422,75,"{""BUY"": 87, ""HOLD"": 22, ""SELL"": 13}","{""BUY"": 87, ""HOLD"": 22, ""SELL"": 13}",0.329504420146354,75,10,18,-0.02267592134468821,2026-04-24,2026-05-08,0,True
HDFCLIFE.NS,2026-05-08,55,57,1084,1084,1084,2021-09-28,2025-05-26,2025-05-28,2026-04-24,867,867,217,217,True,0.3590495533843572,0.2794573113798365,-0.0795922420045207,0.3590495533843572,0.2794573113798365,0.35944700460829493,0.2857142857142857,SELL,BUY,0.273972602739726,0.27380952380952384,-0.00016307893020217623,0,3,BUY,True,0.29850746268656714,0.25842696629213485,0.25316455696202533,0.2911392405063291,0.273972602739726,0.27380952380952384,79,79,-0.00016307893020217623,0.41379310344827586,0.36486486486486486,0.4,0.3,0.4067796610169492,0.32926829268292684,90,90,-0.07751136833402233,0.3492063492063492,0.2222222222222222,0.4583333333333333,0.25,0.3963963963963964,0.23529411764705882,48,48,-0.16110227874933758,"{""BUY"": 63, ""HOLD"": 87, ""SELL"": 67}","{""BUY"": 63, ""HOLD"": 87, ""SELL"": 67}",0.3040439192505175,75,"{""BUY"": 54, ""HOLD"": 74, ""SELL"": 89}","{""BUY"": 54, ""HOLD"": 74, ""SELL"": 89}",0.31119953736535044,75,10,44,0.007155618114832951,2026-04-24,2026-05-08,0,True
HEROMOTOCO.NS,2026-05-08,55,57,1084,1084,1084,2021-09-28,2025-05-26,2025-05-28,2026-04-24,867,867,217,217,True,0.3560365323470685,0.3929682801790158,0.036931747831947304,0.3819646125686394,0.39149363162635836,0.3640552995391705,0.39631336405529954,BUY,BUY,0.2677165354330709,0.3308270676691729,0.06311053223610202,3,0,,True,0.28735632183908044,0.30434782608695654,0.46296296296296297,0.5185185185185185,0.3546099290780142,0.3835616438356164,54,54,0.02895171475760222,0.43023255813953487,0.48,0.4625,0.45,0.4457831325301205,0.4645161290322581,80,80,0.01873299650213761,0.38636363636363635,0.44,0.20481927710843373,0.26506024096385544,0.2677165354330709,0.3308270676691729,83,83,0.06311053223610202,"{""BUY"": 44, ""HOLD"": 86, ""SELL"": 87}","{""BUY"": 27, ""HOLD"": 95, ""SELL"": 95}",0.32439346536871194,75,"{""BUY"": 50, ""HOLD"": 75, ""SELL"": 92}","{""BUY"": 32, ""HOLD"": 84, ""SELL"": 101}",0.3219115333419562,75,10,22,-0.0024819320267557288,2026-04-24,2026-05-08,0,True
HINDALCO.NS,2026-05-08,55,57,1084,1084,1084,2021-09-28,2025-05-26,2025-05-28,2026-04-24,867,867,217,217,True,0.32630283506951707,0.3616741741741742,0.03537133910465712,0.32630283506951707,0.3616741741741742,0.41013824884792627,0.4055299539170507,SELL,SELL,0.07547169811320754,0.1891891891891892,0.11371749107598166,2,1,,True,0.1,0.17073170731707318,0.06060606060606061,0.21212121212121213,0.07547169811320754,0.1891891891891892,33,33,0.11371749107598166,0.33663366336633666,0.3763440860215054,0.4533333333333333,0.4666666666666667,0.38636363636363635,0.4166666666666667,75,75,0.03030303030303033,0.5520833333333334,0.5542168674698795,0.48623853211009177,0.42201834862385323,0.5170731707317073,0.4791666666666667,109,109,-0.03790650406504065,"{""BUY"": 96, ""HOLD"": 101, ""SELL"": 20}","{""BUY"": 96, ""HOLD"": 101, ""SELL"": 20}",0.3417849203191932,30,"{""BUY"": 83, ""HOLD"": 93, ""SELL"": 41}","{""BUY"": 83, ""HOLD"": 93, ""SELL"": 41}",0.34618668065333125,30,10,42,0.004401760334138027,2026-04-24,2026-05-08,0,True
HINDUNILVR.NS,2026-05-08,55,57,1084,1084,1084,2021-09-28,2025-05-26,2025-05-28,2026-04-24,867,867,217,217,True,0.3722286880181616,0.3963319340783636,0.024103246060201977,0.3722286880181616,0.3963319340783636,0.39631336405529954,0.42857142857142855,SELL,BUY,0.25225225225225223,0.35398230088495575,0.10173004863270352,2,1,,True,0.3684210526315789,0.5,0.1917808219178082,0.273972602739726,0.25225225225225223,0.35398230088495575,73,73,0.10173004863270352,0.37593984962406013,0.3958333333333333,0.6578947368421053,0.75,0.4784688995215311,0.5181818181818182,76,76,0.03971291866028709,0.4782608695652174,0.48484848484848486,0.3235294117647059,0.23529411764705882,0.38596491228070173,0.31683168316831684,68,68,-0.0691332291123849,"{""BUY"": 46, ""HOLD"": 133, ""SELL"": 38}","{""BUY"": 46, ""HOLD"": 133, ""SELL"": 38}",0.3862834999594672,75,"{""BUY"": 33, ""HOLD"": 144, ""SELL"": 40}","{""BUY"": 33, ""HOLD"": 144, ""SELL"": 40}",0.3723626745719225,75,10,26,-0.013920825387544689,2026-04-24,2026-05-08,0,True
ICICIBANK.NS,2026-05-08,55,57,1084,1084,1084,2021-09-28,2025-05-26,2025-05-28,2026-04-24,867,867,217,217,True,0.3648272751651674,0.3992885220125786,0.0344612468474112,0.3648272751651674,0.3992885220125786,0.3824884792626728,0.4147465437788018,SELL,BUY,0.24778761061946902,0.359375,0.11158738938053098,2,1,,True,0.5833333333333334,0.5897435897435898,0.15730337078651685,0.25842696629213485,0.24778761061946902,0.359375,89,89,0.11158738938053098,0.3515625,0.375,0.625,0.6666666666666666,0.45,0.48,72,72,0.02999999999999997,0.36923076923076925,0.38,0.42857142857142855,0.3392857142857143,0.39669421487603307,0.3584905660377358,56,56,-0.038203648838297244,"{""BUY"": 65, ""HOLD"": 128, ""SELL"": 24}","{""BUY"": 65, ""HOLD"": 128, ""SELL"": 24}",0.3428808793960696,75,"{""BUY"": 50, ""HOLD"": 128, ""SELL"": 39}","{""BUY"": 50, ""HOLD"": 128, ""SELL"": 39}",0.31973931138063333,75,10,30,-0.023141568015436265,2026-04-24,2026-05-08,0,True
INDIGO.NS,2026-05-08,55,57,1083,1083,1083,2021-09-28,2025-05-23,2025-05-26,2026-04-23,866,866,217,217,True,0.3209748712874915,0.35872528816890537,0.03775041688141384,0.3220143990327367,0.34184862449940634,0.3271889400921659,0.3824884792626728,SELL,SELL,0.26548672566371684,0.24444444444444444,-0.021042281219272402,2,1,,True,0.3409090909090909,0.5238095238095238,0.21739130434782608,0.15942028985507245,0.26548672566371684,0.24444444444444444,69,69,-0.021042281219272402,0.4925373134328358,0.5238095238095238,0.35106382978723405,0.46808510638297873,0.40993788819875776,0.4943820224719101,94,94,0.08444413427315234,0.2169811320754717,0.25,0.42592592592592593,0.5185185185185185,0.2875,0.3373493975903614,54,54,0.049849397590361444,"{""BUY"": 106, ""HOLD"": 67, ""SELL"": 44}","{""BUY"": 116, ""HOLD"": 75, ""SELL"": 26}",0.2842217812767276,30,"{""BUY"": 112, ""HOLD"": 84, ""SELL"": 21}","{""BUY"": 116, ""HOLD"": 91, ""SELL"": 10}",0.2900804820613758,30,10,46,0.00585870078464823,2026-04-23,2026-05-08,0,True
INFY.NS,2026-05-08,55,57,1086,1086,1086,2021-09-30,2025-05-30,2025-06-02,2026-04-30,868,868,218,218,True,0.3438230935418787,0.3628142411975599,0.018991147655681218,0.3438230935418787,0.3628142411975599,0.44036697247706424,0.4541284403669725,SELL,SELL,0.16326530612244897,0.19148936170212766,0.028224055579678692,2,1,,True,0.24242424242424243,0.3103448275862069,0.12307692307692308,0.13846153846153847,0.16326530612244897,0.19148936170212766,65,65,0.028224055579678692,0.4967741935483871,0.47560975609756095,0.7777777777777778,0.7878787878787878,0.6062992125984252,0.5931558935361216,99,99,-0.013143319062303593,0.36666666666666664,0.48,0.2037037037037037,0.2222222222222222,0.2619047619047619,0.3037974683544304,54,54,0.04189270644966847,"{""BUY"": 30, ""HOLD"": 155, ""SELL"": 33}","{""BUY"": 30, ""HOLD"": 155, ""SELL"": 33}",0.3509330784762897,75,"{""BUY"": 25, ""HOLD"": 164, ""SELL"": 29}","{""BUY"": 25, ""HOLD"": 164, ""SELL"": 29}",0.35353089926402564,75,5,18,0.0025978207877359605,2026-04-30,2026-05-07,0,True
ITC.NS,2026-05-08,55,57,1084,1084,1084,2021-09-28,2025-05-26,2025-05-28,2026-04-24,867,867,217,217,True,0.3513842746400886,0.34224012185519365,-0.009144152784894943,0.3513842746400886,0.34224012185519365,0.3824884792626728,0.3870967741935484,SELL,SELL,0.22857142857142856,0.1836734693877551,-0.04489795918367345,2,1,,True,0.46153846153846156,0.47368421052631576,0.1518987341772152,0.11392405063291139,0.22857142857142856,0.1836734693877551,79,79,-0.04489795918367345,0.4716981132075472,0.44715447154471544,0.5319148936170213,0.5851063829787234,0.5,0.5069124423963134,94,94,0.00691244239631339,0.24705882352941178,0.26666666666666666,0.4772727272727273,0.45454545454545453,0.32558139534883723,0.33613445378151263,44,44,0.0105530584326754,"{""BUY"": 85, ""HOLD"": 106, ""SELL"": 26}","{""BUY"": 85, ""HOLD"": 106, ""SELL"": 26}",0.3720187501229011,30,"{""BUY"": 75, ""HOLD"": 123, ""SELL"": 19}","{""BUY"": 75, ""HOLD"": 123, ""SELL"": 19}",0.39527006072362314,30,10,34,0.023251310600722053,2026-04-24,2026-05-08,0,True
JSWSTEEL.NS,2026-05-08,55,57,1084,1084,1084,2021-09-28,2025-05-26,2025-05-28,2026-04-24,867,867,217,217,True,0.27256795920482285,0.281317888249411,0.008749929044588156,0.27256795920482285,0.281317888249411,0.2995391705069124,0.30414746543778803,SELL,SELL,0.09803921568627451,0.13592233009708737,0.037883114410812865,2,1,,True,0.07352941176470588,0.10144927536231885,0.14705882352941177,0.20588235294117646,0.09803921568627451,0.13592233009708737,34,34,0.037883114410812865,0.4642857142857143,0.41379310344827586,0.26262626262626265,0.24242424242424243,0.33548387096774196,0.3057324840764331,99,99,-0.02975138689130885,0.3655913978494624,0.3888888888888889,0.40476190476190477,0.4166666666666667,0.384180790960452,0.40229885057471265,84,84,0.018118059614260662,"{""BUY"": 93, ""HOLD"": 56, ""SELL"": 68}","{""BUY"": 93, ""HOLD"": 56, ""SELL"": 68}",0.38522051730234436,30,"{""BUY"": 90, ""HOLD"": 58, ""SELL"": 69}","{""BUY"": 90, ""HOLD"": 58, ""SELL"": 69}",0.36976220840177226,30,10,6,-0.015458308900572093,2026-04-24,2026-05-08,0,True
KOTAKBANK.NS,2026-05-08,55,57,1084,1084,1084,2021-09-28,2025-05-26,2025-05-28,2026-04-24,867,867,217,217,True,0.3392547921278102,0.27433014478687734,-0.06492464734093284,0.2998857972679962,0.2656707162037295,0.3456221198156682,0.29493087557603687,SELL,SELL,0.25,0.08771929824561403,-0.16228070175438597,0,3,SELL,True,0.22666666666666666,0.09433962264150944,0.2786885245901639,0.08196721311475409,0.25,0.08771929824561403,61,61,-0.16228070175438597,0.5507246376811594,0.5,0.4318181818181818,0.42045454545454547,0.4840764331210191,0.4567901234567901,88,88,-0.027286309664229014,0.273972602739726,0.24444444444444444,0.29411764705882354,0.3235294117647059,0.28368794326241137,0.27848101265822783,68,68,-0.005206930604183535,"{""BUY"": 73, ""HOLD"": 69, ""SELL"": 75}","{""BUY"": 43, ""HOLD"": 103, ""SELL"": 71}",0.3718738059135777,75,"{""BUY"": 90, ""HOLD"": 74, ""SELL"": 53}","{""BUY"": 46, ""HOLD"": 117, ""SELL"": 54}",0.3772075941952708,75,10,44,0.005333788281693064,2026-04-24,2026-05-08,0,True
LT.NS,2026-05-08,55,57,1084,1084,1084,2021-09-28,2025-05-26,2025-05-28,2026-04-24,867,867,217,217,True,0.37846490514789166,0.42688368164176066,0.048418776493869,0.37846490514789166,0.42688368164176066,0.423963133640553,0.4608294930875576,SELL,SELL,0.23684210526315788,0.3132530120481928,0.0764109067850349,3,0,,True,0.375,0.41935483870967744,0.17307692307692307,0.25,0.23684210526315788,0.3132530120481928,52,52,0.0764109067850349,0.45,0.5686274509803921,0.3253012048192771,0.3493975903614458,0.3776223776223776,0.43283582089552236,83,83,0.05521344327314476,0.42105263157894735,0.42962962962962964,0.6829268292682927,0.7073170731707317,0.5209302325581395,0.5345622119815668,82,82,0.01363197942342731,"{""BUY"": 133, ""HOLD"": 60, ""SELL"": 24}","{""BUY"": 133, ""HOLD"": 60, ""SELL"": 24}",0.41202693621630326,75,"{""BUY"": 135, ""HOLD"": 51, ""SELL"": 31}","{""BUY"": 135, ""HOLD"": 51, ""SELL"": 31}",0.41397714669789154,75,10,18,0.001950210481588277,2026-04-24,2026-05-08,0,True
M&M.NS,2026-05-08,55,57,1084,1084,1084,2021-09-28,2025-05-26,2025-05-28,2026-04-24,867,867,217,217,True,0.3366831274775688,0.3659777492673708,0.029294621789802022,0.39479447561752806,0.3684348302039457,0.35023041474654376,0.391705069124424,BUY,SELL,0.288135593220339,0.4585987261146497,0.1704631328943107,2,1,SELL,True,0.3953488372093023,0.35714285714285715,0.27419354838709675,0.16129032258064516,0.3238095238095238,0.2222222222222222,62,62,-0.10158730158730161,0.3230769230769231,0.36792452830188677,0.5185185185185185,0.48148148148148145,0.3981042654028436,0.41711229946524064,81,81,0.01900803406239704,0.38636363636363635,0.43373493975903615,0.22972972972972974,0.4864864864864865,0.288135593220339,0.4585987261146497,74,74,0.1704631328943107,"{""BUY"": 44, ""HOLD"": 130, ""SELL"": 43}","{""BUY"": 73, ""HOLD"": 93, ""SELL"": 51}",0.32565352499911393,75,"{""BUY"": 83, ""HOLD"": 106, ""SELL"": 28}","{""BUY"": 94, ""HOLD"": 93, ""SELL"": 30}",0.31045875083816443,75,10,78,-0.015194774160949498,2026-04-24,2026-05-08,0,True
MARUTI.NS,2026-05-08,55,57,608,608,608,2023-09-26,2025-10-15,2025-10-16,2026-04-24,486,486,122,122,True,0.3110629527274655,0.2853056676586088,-0.02575728506885666,0.3110629527274655,0.2853056676586088,0.3114754098360656,0.29508196721311475,SELL,SELL,0.273972602739726,0.20588235294117646,-0.06809024979854955,1,2,,True,0.37037037037037035,0.3181818181818182,0.21739130434782608,0.15217391304347827,0.273972602739726,0.20588235294117646,46,46,-0.06809024979854955,0.2463768115942029,0.25675675675675674,0.4594594594594595,0.5135135135135135,0.32075471698113206,0.34234234234234234,37,37,0.021587625361210283,0.4230769230769231,0.38461538461538464,0.28205128205128205,0.2564102564102564,0.3384615384615385,0.3076923076923077,39,39,-0.03076923076923077,"{""BUY"": 26, ""HOLD"": 69, ""SELL"": 27}","{""BUY"": 26, ""HOLD"": 69, ""SELL"": 27}",0.33944765872386506,30,"{""BUY"": 26, ""HOLD"": 74, ""SELL"": 22}","{""BUY"": 26, ""HOLD"": 74, ""SELL"": 22}",0.31451210399814017,30,10,10,-0.024935554725724896,2026-04-24,2026-05-08,0,True
NESTLEIND.NS,2026-05-08,55,57,1084,1084,1084,2021-09-28,2025-05-26,2025-05-28,2026-04-24,867,867,217,217,True,0.3143798792069851,0.29223636649379225,-0.02214351271319287,0.3143798792069851,0.29223636649379225,0.3640552995391705,0.37327188940092165,BUY,BUY,0.13592233009708737,0.13861386138613863,0.002691531289051252,2,1,SELL,True,0.3902439024390244,0.375,0.2807017543859649,0.15789473684210525,0.32653061224489793,0.2222222222222222,57,57,-0.10430839002267572,0.36363636363636365,0.37572254335260113,0.7088607594936709,0.8227848101265823,0.48068669527896996,0.5158730158730159,79,79,0.03518632059404597,0.3181818181818182,0.35,0.08641975308641975,0.08641975308641975,0.13592233009708737,0.13861386138613863,81,81,0.002691531289051252,"{""BUY"": 22, ""HOLD"": 154, ""SELL"": 41}","{""BUY"": 22, ""HOLD"": 154, ""SELL"": 41}",0.34482787369567813,30,"{""BUY"": 20, ""HOLD"": 173, ""SELL"": 24}","{""BUY"": 20, ""HOLD"": 173, ""SELL"": 24}",0.3367552946274194,30,10,38,-0.008072579068258756,2026-04-24,2026-05-08,0,True
NTPC.NS,2026-05-08,55,57,1088,1088,1088,2021-09-28,2025-05-30,2025-06-02,2026-04-30,870,870,218,218,True,0.3517891952102478,0.28365246582300846,-0.06813672938723936,0.3517891952102478,0.28365246582300846,0.3669724770642202,0.2981651376146789,SELL,SELL,0.24761904761904763,0.18518518518518517,-0.06243386243386245,0,3,,True,0.22413793103448276,0.16393442622950818,0.2765957446808511,0.2127659574468085,0.24761904761904763,0.18518518518518517,47,47,-0.06243386243386245,0.5138888888888888,0.4520547945205479,0.37373737373737376,0.3333333333333333,0.4327485380116959,0.38372093023255816,99,99,-0.04902760777913773,0.3409090909090909,0.2619047619047619,0.4166666666666667,0.3055555555555556,0.375,0.28205128205128205,72,72,-0.09294871794871795,"{""BUY"": 88, ""HOLD"": 72, ""SELL"": 58}","{""BUY"": 88, ""HOLD"": 72, ""SELL"": 58}",0.31688810824169034,75,"{""BUY"": 84, ""HOLD"": 73, ""SELL"": 61}","{""BUY"": 84, ""HOLD"": 73, ""SELL"": 61}",0.328364889632591,75,5,8,0.011476781390900637,2026-04-30,2026-05-07,0,True
ONGC.NS,2026-05-08,55,57,1084,1084,1084,2021-09-28,2025-05-26,2025-05-28,2026-04-24,867,867,217,217,True,0.2857075110970532,0.29832155323037646,0.012614042133323233,0.3137899391845857,0.2819954786246921,0.2995391705069124,0.30414746543778803,SELL,SELL,0.1592920353982301,0.21705426356589147,0.057762228167661384,2,1,,True,0.13043478260869565,0.16470588235294117,0.20454545454545456,0.3181818181818182,0.1592920353982301,0.21705426356589147,44,44,0.057762228167661384,0.375,0.4166666666666667,0.32608695652173914,0.32608695652173914,0.3488372093023256,0.36585365853658536,92,92,0.017016449234259767,0.38235294117647056,0.36666666666666664,0.32098765432098764,0.2716049382716049,0.348993288590604,0.3120567375886525,81,81,-0.036936551001951534,"{""BUY"": 68, ""HOLD"": 80, ""SELL"": 69}","{""BUY"": 74, ""HOLD"": 96, ""SELL"": 47}",0.3599980953605147,75,"{""BUY"": 60, ""HOLD"": 72, ""SELL"": 85}","{""BUY"": 67, ""HOLD"": 86, ""SELL"": 64}",0.34191505446975745,75,10,32,-0.01808304089075724,2026-04-24,2026-05-08,0,True
POWERGRID.NS,2026-05-08,55,57,1088,1088,1088,2021-09-28,2025-05-30,2025-06-02,2026-04-30,870,870,218,218,True,0.3308841065123474,0.27493001130204703,-0.05595409521030037,0.3308841065123474,0.27493001130204703,0.3761467889908257,0.29357798165137616,SELL,SELL,0.1956521739130435,0.19607843137254902,0.0004262574595055302,1,2,HOLD,True,0.3103448275862069,0.2564102564102564,0.14285714285714285,0.15873015873015872,0.1956521739130435,0.19607843137254902,63,63,0.0004262574595055302,0.40601503759398494,0.33962264150943394,0.6352941176470588,0.4235294117647059,0.4954128440366973,0.3769633507853403,85,85,-0.11844949325135695,0.3392857142857143,0.2465753424657534,0.2714285714285714,0.2571428571428571,0.30158730158730157,0.2517482517482518,70,70,-0.0498390498390498,"{""BUY"": 56, ""HOLD"": 133, ""SELL"": 29}","{""BUY"": 56, ""HOLD"": 133, ""SELL"": 29}",0.30816842876338696,75,"{""BUY"": 73, ""HOLD"": 106, ""SELL"": 39}","{""BUY"": 73, ""HOLD"": 106, ""SELL"": 39}",0.3396293573270433,75,5,54,0.03146092856365634,2026-04-30,2026-05-07,0,True
RELIANCE.NS,2026-05-08,55,57,1082,1082,1082,2021-09-30,2025-05-26,2025-05-28,2026-04-24,865,865,217,217,True,0.2789972899728997,0.30860402343294346,0.029606733460043777,0.2789972899728997,0.30860402343294346,0.2857142857142857,0.3087557603686636,HOLD,SELL,0.21666666666666667,0.3262411347517731,0.1095744680851064,2,1,,True,0.2247191011235955,0.24691358024691357,0.32786885245901637,0.32786885245901637,0.26666666666666666,0.28169014084507044,61,61,0.015023474178403773,0.3333333333333333,0.38333333333333336,0.16049382716049382,0.2839506172839506,0.21666666666666667,0.3262411347517731,81,81,0.1095744680851064,0.3258426966292135,0.3157894736842105,0.38666666666666666,0.32,0.35365853658536583,0.31788079470198677,75,75,-0.035777741883379066,"{""BUY"": 89, ""HOLD"": 39, ""SELL"": 89}","{""BUY"": 89, ""HOLD"": 39, ""SELL"": 89}",0.3693796005042156,30,"{""BUY"": 76, ""HOLD"": 60, ""SELL"": 81}","{""BUY"": 76, ""HOLD"": 60, ""SELL"": 81}",0.34238409402113446,30,10,42,-0.026995506483081133,2026-04-24,2026-05-08,0,True
SBILIFE.NS,2026-05-08,55,57,1084,1084,1084,2021-09-28,2025-05-26,2025-05-28,2026-04-24,867,867,217,217,True,0.30832794298042054,0.2966249941689602,-0.011702948811460334,0.30832794298042054,0.2966249941689602,0.3225806451612903,0.3225806451612903,BUY,BUY,0.24742268041237114,0.17307692307692307,-0.07434575733544807,2,1,,True,0.20388349514563106,0.23809523809523808,0.40384615384615385,0.38461538461538464,0.2709677419354839,0.29411764705882354,52,52,0.023149905123339642,0.4805194805194805,0.4606741573033708,0.3523809523809524,0.3904761904761905,0.4065934065934066,0.422680412371134,105,105,0.016087005777727426,0.32432432432432434,0.20454545454545456,0.2,0.15,0.24742268041237114,0.17307692307692307,60,60,-0.07434575733544807,"{""BUY"": 37, ""HOLD"": 77, ""SELL"": 103}","{""BUY"": 37, ""HOLD"": 77, ""SELL"": 103}",0.31164617682128376,30,"{""BUY"": 44, ""HOLD"": 89, ""SELL"": 84}","{""BUY"": 44, ""HOLD"": 89, ""SELL"": 84}",0.29611354402296336,30,10,38,-0.0155326327983204,2026-04-24,2026-05-08,0,True
SBIN.NS,2026-05-08,55,57,1088,1088,1088,2021-09-28,2025-05-30,2025-06-02,2026-04-30,870,870,218,218,True,0.3111826723740672,0.2963959124484952,-0.01478675992557199,0.2717935862228755,0.2729949364536565,0.3302752293577982,0.3302752293577982,BUY,BUY,0.23300970873786409,0.18556701030927836,-0.04744269842858573,1,2,,True,0.20408163265306123,0.1827956989247312,0.45454545454545453,0.38636363636363635,0.28169014084507044,0.24817518248175183,44,44,-0.03351495836331861,0.43478260869565216,0.44660194174757284,0.40404040404040403,0.46464646464646464,0.418848167539267,0.45544554455445546,99,99,0.03659737701518845,0.42857142857142855,0.4090909090909091,0.16,0.12,0.23300970873786409,0.18556701030927836,75,75,-0.04744269842858573,"{""BUY"": 28, ""HOLD"": 92, ""SELL"": 98}","{""BUY"": 15, ""HOLD"": 100, ""SELL"": 103}",0.3315396445370782,75,"{""BUY"": 22, ""HOLD"": 103, ""SELL"": 93}","{""BUY"": 14, ""HOLD"": 108, ""SELL"": 96}",0.3470769766149953,75,5,22,0.015537332077917132,2026-04-30,2026-05-07,0,True
SUNPHARMA.NS,2026-05-08,55,57,1084,1084,1084,2021-09-28,2025-05-26,2025-05-28,2026-04-24,867,867,217,217,True,0.3524891985000303,0.3942068603487275,0.041717661848697185,0.3524891985000303,0.3942068603487275,0.3686635944700461,0.4055299539170507,BUY,BUY,0.2158273381294964,0.32894736842105265,0.11312003029155626,2,1,,True,0.296875,0.375,0.3584905660377358,0.33962264150943394,0.3247863247863248,0.3564356435643564,53,53,0.03164931877803162,0.5411764705882353,0.5113636363636364,0.4946236559139785,0.4838709677419355,0.5168539325842697,0.4972375690607735,93,93,-0.019616363523496216,0.22058823529411764,0.30864197530864196,0.2112676056338028,0.352112676056338,0.2158273381294964,0.32894736842105265,71,71,0.11312003029155626,"{""BUY"": 68, ""HOLD"": 85, ""SELL"": 64}","{""BUY"": 68, ""HOLD"": 85, ""SELL"": 64}",0.40621708099659404,75,"{""BUY"": 81, ""HOLD"": 88, ""SELL"": 48}","{""BUY"": 81, ""HOLD"": 88, ""SELL"": 48}",0.4030774317524796,75,10,32,-0.0031396492441144175,2026-04-24,2026-05-08,0,True
TATACONSUM.NS,2026-05-08,55,57,1084,1084,1084,2021-09-28,2025-05-26,2025-05-28,2026-04-24,867,867,217,217,True,0.3060542510399835,0.30162566441403954,-0.0044285866259439755,0.3483035210024587,0.34619889881547117,0.3271889400921659,0.31336405529953915,SELL,SELL,0.20689655172413793,0.23655913978494625,0.02966258806080832,2,1,,True,0.225,0.2391304347826087,0.19148936170212766,0.23404255319148937,0.20689655172413793,0.23655913978494625,47,47,0.02966258806080832,0.5909090909090909,0.55,0.35135135135135137,0.2972972972972973,0.4406779661016949,0.38596491228070173,111,111,-0.054713053820993174,0.2072072072072072,0.21621621621621623,0.3898305084745763,0.4067796610169492,0.27058823529411763,0.2823529411764706,59,59,0.011764705882352955,"{""BUY"": 111, ""HOLD"": 66, ""SELL"": 40}","{""BUY"": 99, ""HOLD"": 88, ""SELL"": 30}",0.30355448853592537,30,"{""BUY"": 111, ""HOLD"": 60, ""SELL"": 46}","{""BUY"": 90, ""HOLD"": 93, ""SELL"": 34}",0.33056227482952805,30,10,12,0.027007786293602676,2026-04-24,2026-05-08,0,True
TATASTEEL.NS,2026-05-08,55,57,1084,1084,1084,2021-09-28,2025-05-26,2025-05-28,2026-04-24,867,867,217,217,True,0.4203187366448169,0.39026896875734085,-0.030049767887476042,0.3961221260491334,0.3986680262570901,0.423963133640553,0.4009216589861751,HOLD,HOLD,0.38848920863309355,0.29457364341085274,-0.09391556522224082,1,2,,True,0.2988505747126437,0.2976190476190476,0.5777777777777777,0.5555555555555556,0.3939393939393939,0.3875968992248062,45,45,-0.006342494714587699,0.43548387096774194,0.36538461538461536,0.35064935064935066,0.24675324675324675,0.38848920863309355,0.29457364341085274,77,77,-0.09391556522224082,0.5735294117647058,0.5308641975308642,0.4105263157894737,0.45263157894736844,0.4785276073619632,0.48863636363636365,95,95,0.010108756274400443,"{""BUY"": 68, ""HOLD"": 62, ""SELL"": 87}","{""BUY"": 48, ""HOLD"": 77, ""SELL"": 92}",0.39090472457834047,75,"{""BUY"": 81, ""HOLD"": 52, ""SELL"": 84}","{""BUY"": 61, ""HOLD"": 65, ""SELL"": 91}",0.3926409184089226,75,10,26,0.0017361938305821556,2026-04-24,2026-05-08,0,True
TCS.NS,2026-05-08,55,57,1084,1084,1084,2021-09-28,2025-05-26,2025-05-28,2026-04-24,867,867,217,217,True,0.2520347058278453,0.27441071096304565,0.022376005135200328,0.2520347058278453,0.27441071096304565,0.28110599078341014,0.30414746543778803,SELL,SELL,0.07476635514018691,0.1415929203539823,0.06682656521379539,2,1,,True,0.17391304347826086,0.27586206896551724,0.047619047619047616,0.09523809523809523,0.07476635514018691,0.1415929203539823,84,84,0.06682656521379539,0.25333333333333335,0.25862068965517243,0.2602739726027397,0.2054794520547945,0.25675675675675674,0.22900763358778625,73,73,-0.02774912316897049,0.31932773109243695,0.33076923076923076,0.6333333333333333,0.7166666666666667,0.4245810055865922,0.45263157894736844,60,60,0.028050573360776265,"{""BUY"": 119, ""HOLD"": 75, ""SELL"": 23}","{""BUY"": 119, ""HOLD"": 75, ""SELL"": 23}",0.3603661915789252,30,"{""BUY"": 130, ""HOLD"": 58, ""SELL"": 29}","{""BUY"": 130, ""HOLD"": 58, ""SELL"": 29}",0.34766593961361564,30,10,34,-0.01270025196530955,2026-04-24,2026-05-08,0,True
TECHM.NS,2026-05-08,55,57,1084,1084,1084,2021-09-28,2025-05-26,2025-05-28,2026-04-24,867,867,217,217,True,0.32533892297621353,0.3198707124163664,-0.005468210559847142,0.32533892297621353,0.3198707124163664,0.3271889400921659,0.3225806451612903,BUY,HOLD,0.2978723404255319,0.34838709677419355,0.05051475634866165,1,2,,True,0.2857142857142857,0.2571428571428571,0.46153846153846156,0.4153846153846154,0.35294117647058826,0.3176470588235294,65,65,-0.035294117647058865,0.37735849056603776,0.41025641025641024,0.2857142857142857,0.22857142857142856,0.3252032520325203,0.29357798165137616,70,70,-0.031625270381144155,0.3559322033898305,0.3698630136986301,0.25609756097560976,0.32926829268292684,0.2978723404255319,0.34838709677419355,82,82,0.05051475634866165,"{""BUY"": 59, ""HOLD"": 53, ""SELL"": 105}","{""BUY"": 59, ""HOLD"": 53, ""SELL"": 105}",0.35954154971161295,75,"{""BUY"": 73, ""HOLD"": 39, ""SELL"": 105}","{""BUY"": 73, ""HOLD"": 39, ""SELL"": 105}",0.36221977490528556,75,10,28,0.002678225193672612,2026-04-24,2026-05-08,0,True
TITAN.NS,2026-05-08,55,57,1084,1084,1084,2021-09-28,2025-05-26,2025-05-28,2026-04-24,867,867,217,217,True,0.3117914289211954,0.3426088790467152,0.03081745012551984,0.3117914289211954,0.3426088790467152,0.34101382488479265,0.3778801843317972,SELL,SELL,0.22058823529411764,0.1724137931034483,-0.04817444219066935,2,1,,True,0.1875,0.16666666666666666,0.26785714285714285,0.17857142857142858,0.22058823529411764,0.1724137931034483,56,56,-0.04817444219066935,0.3076923076923077,0.45,0.2,0.3,0.24242424242424243,0.36,60,60,0.11757575757575756,0.47959183673469385,0.46153846153846156,0.46534653465346537,0.5346534653465347,0.4723618090452261,0.4954128440366973,101,101,0.023051034991471153,"{""BUY"": 98, ""HOLD"": 39, ""SELL"": 80}","{""BUY"": 98, ""HOLD"": 39, ""SELL"": 80}",0.3028133028381042,75,"{""BUY"": 117, ""HOLD"": 40, ""SELL"": 60}","{""BUY"": 117, ""HOLD"": 40, ""SELL"": 60}",0.3082405438526168,75,10,40,0.005427241014512585,2026-04-24,2026-05-08,0,True
TRENT.NS,2026-05-08,55,57,1084,1084,1084,2021-09-28,2025-05-26,2025-05-28,2026-04-24,867,867,217,217,True,0.2407834407834408,0.2752039971783883,0.03442055639494748,0.2407834407834408,0.2752039971783883,0.2488479262672811,0.271889400921659,SELL,BUY,0.18803418803418803,0.3053435114503817,0.11730932341619366,2,1,,True,0.6111111111111112,0.625,0.1111111111111111,0.20202020202020202,0.18803418803418803,0.3053435114503817,99,99,0.11730932341619366,0.2318840579710145,0.2676056338028169,0.25396825396825395,0.30158730158730157,0.24242424242424243,0.2835820895522388,63,63,0.04115784712799636,0.2076923076923077,0.17543859649122806,0.4909090909090909,0.36363636363636365,0.2918918918918919,0.23668639053254437,55,55,-0.05520550135934754,"{""BUY"": 130, ""HOLD"": 69, ""SELL"": 18}","{""BUY"": 130, ""HOLD"": 69, ""SELL"": 18}",0.27203036765798794,30,"{""BUY"": 114, ""HOLD"": 71, ""SELL"": 32}","{""BUY"": 114, ""HOLD"": 71, ""SELL"": 32}",0.28464612832271263,30,10,32,0.012615760664724696,2026-04-24,2026-05-08,0,True
ULTRACEMCO.NS,2026-05-08,55,57,1084,1084,1084,2021-09-28,2025-05-26,2025-05-28,2026-04-24,867,867,217,217,True,0.34837305842441574,0.37666473197105527,0.02829167354663953,0.34837305842441574,0.37666473197105527,0.3686635944700461,0.4055299539170507,SELL,SELL,0.2765957446808511,0.2696629213483146,-0.006932823332536475,2,1,,True,0.28888888888888886,0.3,0.2653061224489796,0.24489795918367346,0.2765957446808511,0.2696629213483146,49,49,-0.006932823332536475,0.46938775510204084,0.6341463414634146,0.23958333333333334,0.2708333333333333,0.31724137931034485,0.3795620437956204,96,96,0.06232066448527557,0.35772357723577236,0.36764705882352944,0.6111111111111112,0.6944444444444444,0.4512820512820513,0.4807692307692308,72,72,0.029487179487179493,"{""BUY"": 123, ""HOLD"": 49, ""SELL"": 45}","{""BUY"": 123, ""HOLD"": 49, ""SELL"": 45}",0.3762031883992415,75,"{""BUY"": 136, ""HOLD"": 41, ""SELL"": 40}","{""BUY"": 136, ""HOLD"": 41, ""SELL"": 40}",0.3761679560023696,75,10,26,-3.523239687192037e-05,2026-04-24,2026-05-08,0,True
WIPRO.NS,2026-05-08,55,57,1088,1088,1088,2021-09-28,2025-05-30,2025-06-02,2026-04-30,870,870,218,218,True,0.32060459783835943,0.32649560465668803,0.0058910068183286035,0.32060459783835943,0.32649560465668803,0.41284403669724773,0.40825688073394495,SELL,BUY,0.1797752808988764,0.24,0.06022471910112359,1,2,,True,0.2222222222222222,0.2553191489361702,0.1509433962264151,0.22641509433962265,0.1797752808988764,0.24,53,53,0.06022471910112359,0.4897959183673469,0.4928571428571429,0.6923076923076923,0.6634615384615384,0.5737051792828686,0.5655737704918032,104,104,-0.008131408791065331,0.2857142857142857,0.25806451612903225,0.16393442622950818,0.13114754098360656,0.20833333333333334,0.17391304347826086,61,61,-0.03442028985507248,"{""BUY"": 35, ""HOLD"": 147, ""SELL"": 36}","{""BUY"": 35, ""HOLD"": 147, ""SELL"": 36}",0.33491603137645,75,"{""BUY"": 31, ""HOLD"": 140, ""SELL"": 47}","{""BUY"": 31, ""HOLD"": 140, ""SELL"": 47}",0.3468700943121869,75,5,22,0.01195406293573692,2026-04-30,2026-05-07,0,True
ADANIENT.NS,2026-08-10,55,57,1141,1141,1141,2021-09-28,2025-07-31,2025-08-01,2026-07-27,912,912,229,229,True,0.4352033000941223,0.41456603006228093,-0.020637270031841348,0.4352033000941223,0.41456603006228093,0.4366812227074236,0.4148471615720524,HOLD,BUY,0.3971631205673759,0.42038216560509556,0.023219045037719654,1,2,,True,0.40229885057471265,0.3793103448275862,0.49295774647887325,0.4647887323943662,0.4430379746835443,0.4177215189873418,71,71,-0.0253164556962025,0.4307692307692308,0.4074074074074074,0.3684210526315789,0.4342105263157895,0.3971631205673759,0.42038216560509556,76,76,0.023219045037719654,0.4805194805194805,0.47540983606557374,0.45121951219512196,0.35365853658536583,0.46540880503144655,0.40559440559440557,82,82,-0.05981439943704098,"{""BUY"": 77, ""HOLD"": 65, ""SELL"": 87}","{""BUY"": 77, ""HOLD"": 65, ""SELL"": 87}",0.3807134815976736,75,"{""BUY"": 61, ""HOLD"": 81, ""SELL"": 87}","{""BUY"": 61, ""HOLD"": 81, ""SELL"": 87}",0.3723366804136979,75,10,32,-0.008376801183975713,2026-07-27,2026-08-10,0,True
ADANIPORTS.NS,2026-08-10,55,57,1141,1141,1141,2021-09-28,2025-07-31,2025-08-01,2026-07-27,912,912,229,229,True,0.3835545512247689,0.40983783783783784,0.026283286613068946,0.39816792067493023,0.3967240488080459,0.3930131004366812,0.4104803493449782,HOLD,HOLD,0.2677165354330709,0.3918918918918919,0.124175356458821,1,2,,True,0.3106060606060606,0.3,0.7454545454545455,0.7090909090909091,0.4385026737967914,0.42162162162162165,55,55,-0.016881052175169775,0.6296296296296297,0.6041666666666666,0.17,0.29,0.2677165354330709,0.3918918918918919,100,100,0.124175356458821,0.45714285714285713,0.5098039215686274,0.43243243243243246,0.35135135135135137,0.4444444444444444,0.416,74,74,-0.02844444444444444,"{""BUY"": 70, ""HOLD"": 27, ""SELL"": 132}","{""BUY"": 28, ""HOLD"": 55, ""SELL"": 146}",0.32527375236084505,75,"{""BUY"": 51, ""HOLD"": 48, ""SELL"": 130}","{""BUY"": 29, ""HOLD"": 62, ""SELL"": 138}",0.3306285584133884,75,10,42,0.005354806052543348,2026-07-27,2026-08-10,0,True
APOLLOHOSP.NS,2026-08-10,55,57,1141,1141,1141,2021-09-28,2025-07-31,2025-08-01,2026-07-27,912,912,229,229,True,0.3470169677066228,0.28680550489757084,-0.060211462809051985,0.3510852444576443,0.285774716725948,0.3537117903930131,0.34497816593886466,SELL,SELL,0.26666666666666666,0.15217391304347827,-0.11449275362318839,1,2,"SELL,BUY",True,0.25806451612903225,0.20588235294117646,0.27586206896551724,0.1206896551724138,0.26666666666666666,0.15217391304347827,58,58,-0.11449275362318839,0.304,0.3240223463687151,0.48717948717948717,0.7435897435897436,0.37438423645320196,0.45136186770428016,78,78,0.0769776312510782,0.6428571428571429,0.875,0.2903225806451613,0.15053763440860216,0.4,0.25688073394495414,93,93,-0.14311926605504588,"{""BUY"": 42, ""HOLD"": 125, ""SELL"": 62}","{""BUY"": 44, ""HOLD"": 135, ""SELL"": 50}",0.3142971042069942,75,"{""BUY"": 16, ""HOLD"": 179, ""SELL"": 34}","{""BUY"": 16, ""HOLD"": 195, ""SELL"": 18}",0.3213725996440141,75,10,108,0.0070754954370199075,2026-07-27,2026-08-10,0,True
ASIANPAINT.NS,2026-08-10,55,57,1141,1141,1141,2021-09-28,2025-07-31,2025-08-01,2026-07-27,912,912,229,229,True,0.4131852520706478,0.41238313616807126,-0.0008021159025765612,0.4131852520706478,0.41238313616807126,0.42358078602620086,0.42358078602620086,SELL,SELL,0.34375,0.36764705882352944,0.023897058823529438,2,1,,True,0.3384615384615385,0.3424657534246575,0.3492063492063492,0.3968253968253968,0.34375,0.36764705882352944,63,63,0.023897058823529438,0.4519230769230769,0.46153846153846156,0.5280898876404494,0.5393258426966292,0.48704663212435234,0.49740932642487046,89,89,0.010362694300518116,0.4666666666666667,0.46153846153846156,0.36363636363636365,0.3116883116883117,0.40875912408759124,0.37209302325581395,77,77,-0.03666610083177729,"{""BUY"": 60, ""HOLD"": 104, ""SELL"": 65}","{""BUY"": 60, ""HOLD"": 104, ""SELL"": 65}",0.36948825124518436,75,"{""BUY"": 52, ""HOLD"": 104, ""SELL"": 73}","{""BUY"": 52, ""HOLD"": 104, ""SELL"": 73}",0.3553296468804946,75,10,16,-0.014158604364689742,2026-07-27,2026-08-10,0,True
AXISBANK.NS,2026-08-10,55,57,1141,1141,1141,2021-09-28,2025-07-31,2025-08-01,2026-07-27,912,912,229,229,True,0.38986830219179386,0.34314840732262564,-0.04671989486916822,0.38986830219179386,0.34314840732262564,0.4148471615720524,0.36681222707423583,SELL,SELL,0.21052631578947367,0.18867924528301888,-0.02184707050645479,1,2,BUY,True,0.24489795918367346,0.24390243902439024,0.18461538461538463,0.15384615384615385,0.21052631578947367,0.18867924528301888,65,65,-0.02184707050645479,0.3617021276595745,0.3486238532110092,0.4857142857142857,0.5428571428571428,0.4146341463414634,0.4245810055865922,70,70,0.00994685924512878,0.5697674418604651,0.45569620253164556,0.5212765957446809,0.3829787234042553,0.5444444444444444,0.4161849710982659,94,94,-0.1282594733461785,"{""BUY"": 86, ""HOLD"": 94, ""SELL"": 49}","{""BUY"": 86, ""HOLD"": 94, ""SELL"": 49}",0.37768026998587007,75,"{""BUY"": 79, ""HOLD"": 109, ""SELL"": 41}","{""BUY"": 79, ""HOLD"": 109, ""SELL"": 41}",0.3789264092706101,75,10,30,0.0012461392847400443,2026-07-27,2026-08-10,0,True
BAJAJ-AUTO.NS,2026-08-10,55,57,1141,1141,1141,2021-09-28,2025-07-31,2025-08-01,2026-07-27,912,912,229,229,True,0.3089951236502961,0.2571891323235065,-0.05180599132678959,0.3089951236502961,0.2571891323235065,0.3231441048034934,0.27510917030567683,SELL,SELL,0.2413793103448276,0.14953271028037382,-0.09184660006445378,1,2,,True,0.22950819672131148,0.15384615384615385,0.2545454545454545,0.14545454545454545,0.2413793103448276,0.14953271028037382,55,55,-0.09184660006445378,0.27631578947368424,0.2716049382716049,0.3088235294117647,0.3235294117647059,0.2916666666666667,0.2953020134228188,68,68,0.0036353467561521247,0.42391304347826086,0.34375,0.36792452830188677,0.3113207547169811,0.3939393939393939,0.32673267326732675,106,106,-0.06720672067206718,"{""BUY"": 92, ""HOLD"": 76, ""SELL"": 61}","{""BUY"": 92, ""HOLD"": 76, ""SELL"": 61}",0.29902787192561986,75,"{""BUY"": 96, ""HOLD"": 81, ""SELL"": 52}","{""BUY"": 96, ""HOLD"": 81, ""SELL"": 52}",0.29268517997798227,75,10,18,-0.006342691947637591,2026-07-27,2026-08-10,0,True
BAJFINANCE.NS,2026-08-10,55,57,1141,1141,1141,2021-09-28,2025-07-31,2025-08-01,2026-07-27,912,912,229,229,True,0.34008579675525036,0.3345288376932394,-0.00555695906201098,0.34008579675525036,0.3345288376932394,0.34934497816593885,0.3537117903930131,BUY,BUY,0.208,0.18487394957983194,-0.02312605042016805,1,2,,True,0.4084507042253521,0.42857142857142855,0.4461538461538462,0.36923076923076925,0.4264705882352941,0.39669421487603307,65,65,-0.029776373359261032,0.2923076923076923,0.304635761589404,0.5671641791044776,0.6865671641791045,0.38578680203045684,0.42201834862385323,67,67,0.03623154659339639,0.4642857142857143,0.5,0.13402061855670103,0.1134020618556701,0.208,0.18487394957983194,97,97,-0.02312605042016805,"{""BUY"": 28, ""HOLD"": 130, ""SELL"": 71}","{""BUY"": 28, ""HOLD"": 130, ""SELL"": 71}",0.3769723788575035,75,"{""BUY"": 22, ""HOLD"": 151, ""SELL"": 56}","{""BUY"": 22, ""HOLD"": 151, ""SELL"": 56}",0.3560885769161792,75,10,42,-0.02088380194132433,2026-07-27,2026-08-10,0,True
BAJAJFINSV.NS,2026-08-10,55,57,1146,1146,1146,2021-09-28,2025-08-06,2025-08-07,2026-08-03,916,916,230,230,True,0.3269859225741579,0.31866314777707183,-0.008322774797086041,0.3269859225741579,0.31866314777707183,0.3565217391304348,0.3652173913043478,BUY,BUY,0.2222222222222222,0.21428571428571427,-0.007936507936507936,1,2,,True,0.23655913978494625,0.27450980392156865,0.36666666666666664,0.23333333333333334,0.2875816993464052,0.25225225225225223,60,60,-0.03532944709415298,0.5051546391752577,0.4603174603174603,0.44144144144144143,0.5225225225225225,0.47115384615384615,0.48945147679324896,111,111,0.018297630639402818,0.275,0.22641509433962265,0.1864406779661017,0.2033898305084746,0.2222222222222222,0.21428571428571427,59,59,-0.007936507936507936,"{""BUY"": 40, ""HOLD"": 97, ""SELL"": 93}","{""BUY"": 40, ""HOLD"": 97, ""SELL"": 93}",0.3156531025265828,75,"{""BUY"": 53, ""HOLD"": 126, ""SELL"": 51}","{""BUY"": 53, ""HOLD"": 126, ""SELL"": 51}",0.3231154529255611,75,5,84,0.007462350398978301,2026-08-03,2026-08-10,0,True
BEL.NS,2026-08-10,55,57,1141,1141,1141,2021-09-28,2025-07-31,2025-08-01,2026-07-27,912,912,229,229,True,0.229584017515052,0.21680287675711016,-0.012781140757941845,0.229584017515052,0.21680287675711016,0.2445414847161572,0.2314410480349345,HOLD,HOLD,0.11666666666666667,0.1391304347826087,0.02246376811594203,1,2,,True,0.25,0.21428571428571427,0.2857142857142857,0.23809523809523808,0.26666666666666666,0.22556390977443608,63,63,-0.041102756892230585,0.3333333333333333,0.5,0.0707070707070707,0.08080808080808081,0.11666666666666667,0.1391304347826087,99,99,0.02246376811594203,0.22794117647058823,0.2097902097902098,0.4626865671641791,0.44776119402985076,0.3054187192118227,0.2857142857142857,67,67,-0.019704433497536977,"{""BUY"": 136, ""HOLD"": 21, ""SELL"": 72}","{""BUY"": 136, ""HOLD"": 21, ""SELL"": 72}",0.3037929043192904,75,"{""BUY"": 143, ""HOLD"": 16, ""SELL"": 70}","{""BUY"": 143, ""HOLD"": 16, ""SELL"": 70}",0.30542132112732684,75,10,14,0.001628416808036437,2026-07-27,2026-08-10,0,True
BHARTIARTL.NS,2026-08-10,55,57,1141,1141,1141,2021-09-28,2025-07-31,2025-08-01,2026-07-27,912,912,229,229,True,0.31985617909094527,0.24706728542855172,-0.07278889366239355,0.31985617909094527,0.24706728542855172,0.39737991266375544,0.28820960698689957,SELL,SELL,0.0273972602739726,0.044444444444444446,0.017047184170471845,1,2,"SELL,HOLD,BUY",True,0.14285714285714285,0.08333333333333333,0.015151515151515152,0.030303030303030304,0.0273972602739726,0.044444444444444446,66,66,0.017047184170471845,0.4166666666666667,0.34375,0.6024096385542169,0.39759036144578314,0.49261083743842365,0.3687150837988827,83,83,-0.12389575363954097,0.39215686274509803,0.28440366972477066,0.5,0.3875,0.43956043956043955,0.328042328042328,80,80,-0.11151811151811153,"{""BUY"": 102, ""HOLD"": 120, ""SELL"": 7}","{""BUY"": 102, ""HOLD"": 120, ""SELL"": 7}",0.32857914342775785,75,"{""BUY"": 109, ""HOLD"": 96, ""SELL"": 24}","{""BUY"": 109, ""HOLD"": 96, ""SELL"": 24}",0.32251537032944966,75,10,48,-0.0060637730983081894,2026-07-27,2026-08-10,0,True
BRITANNIA.NS,2026-08-10,55,57,1141,1141,1141,2021-09-28,2025-07-31,2025-08-01,2026-07-27,912,912,229,229,True,0.33113462005917865,0.3258823244434755,-0.005252295615703173,0.289943248926915,0.2921155713281329,0.38427947598253276,0.37117903930131,SELL,SELL,0.11235955056179775,0.1414141414141414,0.02905459085234366,2,1,,True,0.18518518518518517,0.1891891891891892,0.08064516129032258,0.11290322580645161,0.11235955056179775,0.1414141414141414,62,62,0.02905459085234366,0.432,0.43902439024390244,0.5567010309278351,0.5567010309278351,0.4864864864864865,0.4909090909090909,97,97,0.004422604422604393,0.37662337662337664,0.34782608695652173,0.4142857142857143,0.34285714285714286,0.3945578231292517,0.34532374100719426,70,70,-0.04923408212205743,"{""BUY"": 77, ""HOLD"": 125, ""SELL"": 27}","{""BUY"": 35, ""HOLD"": 169, ""SELL"": 25}",0.3575473291737356,75,"{""BUY"": 69, ""HOLD"": 123, ""SELL"": 37}","{""BUY"": 35, ""HOLD"": 154, ""SELL"": 40}",0.36051479605835024,75,10,20,0.0029674668846146335,2026-07-27,2026-08-10,0,True
CIPLA.NS,2026-08-10,55,57,1141,1141,1141,2021-09-28,2025-07-31,2025-08-01,2026-07-27,912,912,229,229,True,0.358870420414862,0.34418168419642253,-0.014688736218439469,0.314922373182998,0.3207714398890869,0.388646288209607,0.38427947598253276,BUY,BUY,0.21428571428571427,0.23728813559322035,0.02300242130750607,2,1,,True,0.41818181818181815,0.34782608695652173,0.359375,0.25,0.3865546218487395,0.2909090909090909,64,64,-0.09564553093964862,0.4186046511627907,0.4393939393939394,0.5510204081632653,0.5918367346938775,0.47577092511013214,0.5043478260869565,98,98,0.02857690097682436,0.26666666666666666,0.27450980392156865,0.1791044776119403,0.208955223880597,0.21428571428571427,0.23728813559322035,67,67,0.02300242130750607,"{""BUY"": 45, ""HOLD"": 129, ""SELL"": 55}","{""BUY"": 47, ""HOLD"": 144, ""SELL"": 38}",0.2834443883130663,75,"{""BUY"": 51, ""HOLD"": 132, ""SELL"": 46}","{""BUY"": 52, ""HOLD"": 142, ""SELL"": 35}",0.2962047137539853,75,10,18,0.01276032544091904,2026-07-27,2026-08-10,0,True
COALINDIA.NS,2026-08-10,55,57,1141,1141,1141,2021-09-28,2025-07-31,2025-08-01,2026-07-27,912,912,229,229,True,0.3299484263259604,0.27113461346134615,-0.058813812864614234,0.3299484263259604,0.27113461346134615,0.3406113537117904,0.30131004366812225,HOLD,HOLD,0.23529411764705882,0.09900990099009901,-0.1362842166569598,0,3,HOLD,True,0.3409090909090909,0.3076923076923077,0.40540540540540543,0.3783783783783784,0.37037037037037035,0.3393939393939394,74,74,-0.030976430976430935,0.2413793103448276,0.125,0.22950819672131148,0.08196721311475409,0.23529411764705882,0.09900990099009901,61,61,-0.1362842166569598,0.40963855421686746,0.3673469387755102,0.3617021276595745,0.3829787234042553,0.384180790960452,0.375,94,94,-0.00918079096045199,"{""BUY"": 83, ""HOLD"": 58, ""SELL"": 88}","{""BUY"": 83, ""HOLD"": 58, ""SELL"": 88}",0.3368484490760439,30,"{""BUY"": 98, ""HOLD"": 40, ""SELL"": 91}","{""BUY"": 98, ""HOLD"": 40, ""SELL"": 91}",0.3257296146483658,30,10,36,-0.011118834427678082,2026-07-27,2026-08-10,0,True
DRREDDY.NS,2026-08-10,55,57,1141,1141,1141,2021-09-28,2025-07-31,2025-08-01,2026-07-27,912,912,229,229,True,0.35208010832817055,0.3740402117050355,0.021960103376864937,0.3482090751748433,0.37188236505503053,0.3537117903930131,0.37554585152838427,SELL,SELL,0.30985915492957744,0.34782608695652173,0.03796693202694429,2,1,,True,0.3142857142857143,0.36363636363636365,0.3055555555555556,0.3333333333333333,0.30985915492957744,0.34782608695652173,72,72,0.03796693202694429,0.36470588235294116,0.38666666666666666,0.3974358974358974,0.3717948717948718,0.3803680981595092,0.3790849673202614,78,78,-0.0012831308392478036,0.3783783783783784,0.375,0.35443037974683544,0.4177215189873418,0.3660130718954248,0.39520958083832336,79,79,0.029196508942898547,"{""BUY"": 74, ""HOLD"": 85, ""SELL"": 70}","{""BUY"": 86, ""HOLD"": 64, ""SELL"": 79}",0.3326872343440016,75,"{""BUY"": 88, ""HOLD"": 75, ""SELL"": 66}","{""BUY"": 97, ""HOLD"": 59, ""SELL"": 73}",0.32357568907724554,75,10,28,-0.00911154526675606,2026-07-27,2026-08-10,0,True
EICHERMOT.NS,2026-08-10,55,57,1141,1141,1141,2021-09-28,2025-07-31,2025-08-01,2026-07-27,912,912,229,229,True,0.2483039264061162,0.28460355525103725,0.03629962884492105,0.3082305997260437,0.2696700902583255,0.24890829694323144,0.28820960698689957,HOLD,SELL,0.21794871794871795,0.3314285714285714,0.11347985347985345,2,1,,True,0.19166666666666668,0.18085106382978725,0.5111111111111111,0.37777777777777777,0.2787878787878788,0.2446043165467626,45,45,-0.03418356224111621,0.21518987341772153,0.29591836734693877,0.22077922077922077,0.37662337662337664,0.21794871794871795,0.3314285714285714,77,77,0.11347985347985345,0.5666666666666667,0.5405405405405406,0.1588785046728972,0.18691588785046728,0.24817518248175183,0.2777777777777778,107,107,0.029602595296025963,"{""BUY"": 30, ""HOLD"": 79, ""SELL"": 120}","{""BUY"": 38, ""HOLD"": 116, ""SELL"": 75}",0.3233994396818742,75,"{""BUY"": 37, ""HOLD"": 98, ""SELL"": 94}","{""BUY"": 46, ""HOLD"": 123, ""SELL"": 60}",0.323977076612238,75,10,52,0.000577636930363834,2026-07-27,2026-08-10,0,True
GRASIM.NS,2026-08-10,55,57,1141,1141,1141,2021-09-28,2025-07-31,2025-08-01,2026-07-27,912,912,229,229,True,0.3086677989332856,0.2859373420909624,-0.02273045684232322,0.2999606531575841,0.29479392555856476,0.3231441048034934,0.29694323144104806,SELL,SELL,0.19469026548672566,0.19469026548672566,0.0,0,2,,True,0.1864406779661017,0.1864406779661017,0.2037037037037037,0.2037037037037037,0.19469026548672566,0.19469026548672566,54,54,0.0,0.43661971830985913,0.4166666666666667,0.32978723404255317,0.3191489361702128,0.37575757575757573,0.3614457831325301,94,94,-0.014311792625045616,0.32323232323232326,0.2755102040816326,0.3950617283950617,0.3333333333333333,0.35555555555555557,0.3016759776536313,81,81,-0.05387957790192427,"{""BUY"": 99, ""HOLD"": 71, ""SELL"": 59}","{""BUY"": 103, ""HOLD"": 76, ""SELL"": 50}",0.3511313420997386,75,"{""BUY"": 98, ""HOLD"": 72, ""SELL"": 59}","{""BUY"": 110, ""HOLD"": 76, ""SELL"": 43}",0.3531846434310378,75,10,2,0.002053301331299162,2026-07-27,2026-08-10,0,True
HCLTECH.NS,2026-08-10,55,57,1146,1146,1146,2021-09-28,2025-08-06,2025-08-07,2026-08-03,916,916,230,230,True,0.3222416566196987,0.32385332891826224,0.0016116722985635157,0.3222416566196987,0.32385332891826224,0.4217391304347826,0.4391304347826087,BUY,BUY,0.14814814814814814,0.14634146341463414,-0.0018066847335140024,1,2,,True,0.3170731707317073,0.3142857142857143,0.21666666666666667,0.18333333333333332,0.25742574257425743,0.23157894736842105,60,60,-0.02584679520583638,0.47560975609756095,0.4970414201183432,0.6842105263157895,0.7368421052631579,0.5611510791366906,0.5936395759717314,114,114,0.03248849683504085,0.24,0.23076923076923078,0.10714285714285714,0.10714285714285714,0.14814814814814814,0.14634146341463414,56,56,-0.0018066847335140024,"{""BUY"": 25, ""HOLD"": 164, ""SELL"": 41}","{""BUY"": 25, ""HOLD"": 164, ""SELL"": 41}",0.32640306845857375,30,"{""BUY"": 26, ""HOLD"": 169, ""SELL"": 35}","{""BUY"": 26, ""HOLD"": 169, ""SELL"": 35}",0.3279179266569241,30,5,12,0.001514858198350344,2026-08-03,2026-08-10,0,True
HDFCBANK.NS,2026-08-10,55,57,665,665,665,2023-09-26,2025-12-23,2025-12-24,2026-07-27,532,532,133,133,True,0.2709362469969456,0.281761583996734,0.010825336999788437,0.2709362469969456,0.281761583996734,0.3007518796992481,0.3007518796992481,SELL,SELL,0.11267605633802817,0.11267605633802817,0.0,1,1,,True,1.0,1.0,0.05970149253731343,0.05970149253731343,0.11267605633802817,0.11267605633802817,67,67,0.0,0.22727272727272727,0.2916666666666667,0.3125,0.4375,0.2631578947368421,0.35,32,32,0.08684210526315789,0.3058823529411765,0.2716049382716049,0.7647058823529411,0.6470588235294118,0.4369747899159664,0.3826086956521739,34,34,-0.054366094263792464,"{""BUY"": 85, ""HOLD"": 44, ""SELL"": 4}","{""BUY"": 85, ""HOLD"": 44, ""SELL"": 4}",0.3439225425764444,75,"{""BUY"": 81, ""HOLD"": 48, ""SELL"": 4}","{""BUY"": 81, ""HOLD"": 48, ""SELL"": 4}",0.3311691828315073,75,10,8,-0.012753359744937076,2026-07-27,2026-08-10,0,True
HDFCLIFE.NS,2026-08-10,55,57,1141,1141,1141,2021-09-28,2025-07-31,2025-08-01,2026-07-27,912,912,229,229,True,0.27417874701799283,0.2949831467437101,0.020804399725717293,0.27417874701799283,0.2949831467437101,0.27510917030567683,0.29694323144104806,SELL,SELL,0.2119205298013245,0.23943661971830985,0.027516089916985342,2,1,,True,0.24615384615384617,0.30357142857142855,0.18604651162790697,0.19767441860465115,0.2119205298013245,0.23943661971830985,86,86,0.027516089916985342,0.37735849056603776,0.423728813559322,0.20618556701030927,0.25773195876288657,0.26666666666666666,0.32051282051282054,97,97,0.05384615384615388,0.24324324324324326,0.22807017543859648,0.5869565217391305,0.5652173913043478,0.34394904458598724,0.325,46,46,-0.01894904458598723,"{""BUY"": 111, ""HOLD"": 53, ""SELL"": 65}","{""BUY"": 111, ""HOLD"": 53, ""SELL"": 65}",0.3258474154803464,75,"{""BUY"": 114, ""HOLD"": 59, ""SELL"": 56}","{""BUY"": 114, ""HOLD"": 59, ""SELL"": 56}",0.29747299752957984,75,10,18,-0.02837441795076656,2026-07-27,2026-08-10,0,True
HEROMOTOCO.NS,2026-08-10,55,57,1141,1141,1141,2021-09-28,2025-07-31,2025-08-01,2026-07-27,912,912,229,229,True,0.32615095795138827,0.32240635654302907,-0.003744601408359194,0.36623126520020177,0.3252384857174019,0.32751091703056767,0.3318777292576419,BUY,SELL,0.2676056338028169,0.27586206896551724,0.00825643516270036,2,1,,True,0.25471698113207547,0.21518987341772153,0.46551724137931033,0.29310344827586204,0.32926829268292684,0.24817518248175183,58,58,-0.08109311020117502,0.43283582089552236,0.42857142857142855,0.3411764705882353,0.4588235294117647,0.3815789473684211,0.4431818181818182,85,85,0.061602870813397104,0.3392857142857143,0.3389830508474576,0.22093023255813954,0.23255813953488372,0.2676056338028169,0.27586206896551724,86,86,0.00825643516270036,"{""BUY"": 56, ""HOLD"": 67, ""SELL"": 106}","{""BUY"": 45, ""HOLD"": 72, ""SELL"": 112}",0.35049093646475604,75,"{""BUY"": 59, ""HOLD"": 91, ""SELL"": 79}","{""BUY"": 51, ""HOLD"": 97, ""SELL"": 81}",0.3521045213236479,75,10,54,0.0016135848588918478,2026-07-27,2026-08-10,0,True
HINDALCO.NS,2026-08-10,55,57,1141,1141,1141,2021-09-28,2025-07-31,2025-08-01,2026-07-27,912,912,229,229,True,0.35475680812138793,0.37234244302211383,0.0175856349007259,0.35475680812138793,0.37234244302211383,0.37554585152838427,0.39737991266375544,SELL,SELL,0.27586206896551724,0.25882352941176473,-0.017038539553752508,1,2,,True,0.27906976744186046,0.2682926829268293,0.2727272727272727,0.25,0.27586206896551724,0.25882352941176473,44,44,-0.017038539553752508,0.3435114503816794,0.3474576271186441,0.6,0.5466666666666666,0.4368932038834951,0.42487046632124353,75,75,-0.012022737562251584,0.5272727272727272,0.5571428571428572,0.2636363636363636,0.35454545454545455,0.3515151515151515,0.43333333333333335,110,110,0.08181818181818185,"{""BUY"": 55, ""HOLD"": 131, ""SELL"": 43}","{""BUY"": 55, ""HOLD"": 131, ""SELL"": 43}",0.3367776543130087,30,"{""BUY"": 70, ""HOLD"": 118, ""SELL"": 41}","{""BUY"": 70, ""HOLD"": 118, ""SELL"": 41}",0.333498667802148,30,10,30,-0.0032789865108607263,2026-07-27,2026-08-10,0,True
HINDUNILVR.NS,2026-08-10,55,57,1141,1141,1141,2021-09-28,2025-07-31,2025-08-01,2026-07-27,912,912,229,229,True,0.3661869002920317,0.3976872829039115,0.03150038261187976,0.3661869002920317,0.3976872829039115,0.39737991266375544,0.4410480349344978,SELL,BUY,0.27941176470588236,0.3795620437956204,0.10015027908973806,2,1,,True,0.38,0.5098039215686274,0.22093023255813954,0.3023255813953488,0.27941176470588236,0.3795620437956204,86,86,0.10015027908973806,0.3986013986013986,0.42567567567567566,0.6705882352941176,0.7411764705882353,0.5,0.5407725321888412,85,85,0.04077253218884125,0.4166666666666667,0.4,0.25862068965517243,0.20689655172413793,0.3191489361702128,0.2727272727272727,58,58,-0.046421663442940075,"{""BUY"": 36, ""HOLD"": 143, ""SELL"": 50}","{""BUY"": 36, ""HOLD"": 143, ""SELL"": 50}",0.37718180857035327,75,"{""BUY"": 30, ""HOLD"": 148, ""SELL"": 51}","{""BUY"": 30, ""HOLD"": 148, ""SELL"": 51}",0.36297375328804926,75,10,12,-0.01420805528230401,2026-07-27,2026-08-10,0,True
ICICIBANK.NS,2026-08-10,55,57,1141,1141,1141,2021-09-28,2025-07-31,2025-08-01,2026-07-27,912,912,229,229,True,0.33883170493077613,0.3419426787108286,0.003110973780052484,0.33883170493077613,0.3419426787108286,0.34497816593886466,0.34934497816593885,SELL,BUY,0.3025210084033613,0.32786885245901637,0.025347844055655044,2,1,,True,0.46153846153846156,0.47619047619047616,0.225,0.25,0.3025210084033613,0.32786885245901637,80,80,0.025347844055655044,0.32142857142857145,0.32231404958677684,0.48,0.52,0.3850267379679144,0.3979591836734694,75,75,0.012932445705554962,0.32051282051282054,0.3181818181818182,0.33783783783783783,0.28378378378378377,0.32894736842105265,0.3,74,74,-0.028947368421052666,"{""BUY"": 78, ""HOLD"": 112, ""SELL"": 39}","{""BUY"": 78, ""HOLD"": 112, ""SELL"": 39}",0.34782962335847584,75,"{""BUY"": 66, ""HOLD"": 121, ""SELL"": 42}","{""BUY"": 66, ""HOLD"": 121, ""SELL"": 42}",0.33256404914005905,75,10,24,-0.015265574218416789,2026-07-27,2026-08-10,0,True
INDIGO.NS,2026-08-10,55,57,1142,1142,1142,2021-09-28,2025-08-01,2025-08-04,2026-07-27,913,913,229,229,True,0.30804657447764033,0.30410183875530405,-0.003944735722336279,0.27217510601147415,0.2797157477662458,0.31877729257641924,0.3231441048034934,SELL,SELL,0.2184873949579832,0.19801980198019803,-0.020467592977785165,1,2,,True,0.29545454545454547,0.38461538461538464,0.17333333333333334,0.13333333333333333,0.2184873949579832,0.19801980198019803,75,75,-0.020467592977785165,0.330188679245283,0.3564356435643564,0.3977272727272727,0.4090909090909091,0.36082474226804123,0.38095238095238093,88,88,0.0201276386843397,0.31645569620253167,0.27450980392156865,0.3787878787878788,0.42424242424242425,0.3448275862068966,0.3333333333333333,66,66,-0.01149425287356326,"{""BUY"": 79, ""HOLD"": 106, ""SELL"": 44}","{""BUY"": 86, ""HOLD"": 123, ""SELL"": 20}",0.276957911646235,30,"{""BUY"": 102, ""HOLD"": 101, ""SELL"": 26}","{""BUY"": 104, ""HOLD"": 105, ""SELL"": 20}",0.2741992172213798,30,10,46,-0.0027586944248552125,2026-07-27,2026-08-10,0,True
INFY.NS,2026-08-10,55,57,1144,1144,1144,2021-09-30,2025-08-07,2025-08-08,2026-08-03,915,915,229,229,True,0.2985273464146703,0.35246235246235247,0.053935006047682144,0.2985273464146703,0.35246235246235247,0.4104803493449782,0.4672489082969432,BUY,SELL,0.11267605633802817,0.2222222222222222,0.10954616588419404,3,0,,True,0.22641509433962265,0.37037037037037035,0.1875,0.15625,0.20512820512820512,0.21978021978021978,64,64,0.014652014652014655,0.46987951807228917,0.4835164835164835,0.75,0.8461538461538461,0.5777777777777777,0.6153846153846154,104,104,0.037606837606837695,0.4,0.45,0.06557377049180328,0.14754098360655737,0.11267605633802817,0.2222222222222222,61,61,0.10954616588419404,"{""BUY"": 10, ""HOLD"": 166, ""SELL"": 53}","{""BUY"": 10, ""HOLD"": 166, ""SELL"": 53}",0.34790818955864633,75,"{""BUY"": 20, ""HOLD"": 182, ""SELL"": 27}","{""BUY"": 20, ""HOLD"": 182, ""SELL"": 27}",0.33282925229473476,75,5,52,-0.015078937263911574,2026-08-03,2026-08-10,0,True
ITC.NS,2026-08-10,55,57,1141,1141,1141,2021-09-28,2025-07-31,2025-08-01,2026-07-27,912,912,229,229,True,0.34294848374132264,0.31017245578790226,-0.032776027953420384,0.34294848374132264,0.31017245578790226,0.37117903930131,0.34497816593886466,SELL,SELL,0.2689075630252101,0.1981981981981982,-0.07070936482701187,0,3,,True,0.5161290322580645,0.4782608695652174,0.18181818181818182,0.125,0.2689075630252101,0.1981981981981982,88,88,-0.07070936482701187,0.38235294117647056,0.3695652173913043,0.5909090909090909,0.5795454545454546,0.4642857142857143,0.45132743362831856,88,88,-0.012958280657395738,0.27419354838709675,0.25,0.32075471698113206,0.32075471698113206,0.2956521739130435,0.2809917355371901,53,53,-0.014660438375853402,"{""BUY"": 62, ""HOLD"": 136, ""SELL"": 31}","{""BUY"": 62, ""HOLD"": 136, ""SELL"": 31}",0.39624438828462955,30,"{""BUY"": 68, ""HOLD"": 138, ""SELL"": 23}","{""BUY"": 68, ""HOLD"": 138, ""SELL"": 23}",0.3921006078510256,30,10,16,-0.004143780433603972,2026-07-27,2026-08-10,0,True
JSWSTEEL.NS,2026-08-10,55,57,1141,1141,1141,2021-09-28,2025-07-31,2025-08-01,2026-07-27,912,912,229,229,True,0.30381133172575375,0.2946683725541655,-0.00914295917158825,0.30381133172575375,0.2946683725541655,0.3624454148471616,0.35807860262008734,SELL,SELL,0.06741573033707865,0.06521739130434782,-0.0021983390327308255,1,2,SELL,True,0.06666666666666667,0.0625,0.06818181818181818,0.06818181818181818,0.06741573033707865,0.06521739130434782,44,44,-0.0021983390327308255,0.44166666666666665,0.456,0.5353535353535354,0.5757575757575758,0.4840182648401826,0.5089285714285714,99,99,0.024910306588388775,0.421875,0.39285714285714285,0.313953488372093,0.2558139534883721,0.36,0.30985915492957744,86,86,-0.050140845070422546,"{""BUY"": 64, ""HOLD"": 120, ""SELL"": 45}","{""BUY"": 64, ""HOLD"": 120, ""SELL"": 45}",0.37830256620232694,30,"{""BUY"": 56, ""HOLD"": 125, ""SELL"": 48}","{""BUY"": 56, ""HOLD"": 125, ""SELL"": 48}",0.3659078291026671,30,10,16,-0.012394737099659825,2026-07-27,2026-08-10,0,True
KOTAKBANK.NS,2026-08-10,55,57,1141,1141,1141,2021-09-28,2025-07-31,2025-08-01,2026-07-27,912,912,229,229,True,0.3296961916987591,0.3432369557992689,0.013540764100509806,0.33880476282922406,0.33749776052553004,0.34934497816593885,0.36681222707423583,SELL,SELL,0.11382113821138211,0.13559322033898305,0.021772082127600942,2,1,,True,0.10606060606060606,0.13114754098360656,0.12280701754385964,0.14035087719298245,0.11382113821138211,0.13559322033898305,57,57,0.021772082127600942,0.6515151515151515,0.6111111111111112,0.4387755102040816,0.4489795918367347,0.524390243902439,0.5176470588235295,98,98,-0.006743185078909586,0.30927835051546393,0.3333333333333333,0.40540540540540543,0.43243243243243246,0.3508771929824561,0.3764705882352941,74,74,0.02559339525283799,"{""BUY"": 97, ""HOLD"": 66, ""SELL"": 66}","{""BUY"": 62, ""HOLD"": 104, ""SELL"": 63}",0.371270272086093,75,"{""BUY"": 96, ""HOLD"": 72, ""SELL"": 61}","{""BUY"": 62, ""HOLD"": 99, ""SELL"": 68}",0.3647525789964628,75,10,12,-0.006517693089630183,2026-07-27,2026-08-10,0,True
LT.NS,2026-08-10,55,57,1141,1141,1141,2021-09-28,2025-07-31,2025-08-01,2026-07-27,912,912,229,229,True,0.30337538626158084,0.3775131011155856,0.07413771485400478,0.30337538626158084,0.3775131011155856,0.32751091703056767,0.4017467248908297,SELL,SELL,0.20253164556962025,0.28205128205128205,0.0795196364816618,3,0,,True,0.36363636363636365,0.5238095238095238,0.14035087719298245,0.19298245614035087,0.20253164556962025,0.28205128205128205,57,57,0.0795196364816618,0.2809917355371901,0.3302752293577982,0.4533333333333333,0.48,0.3469387755102041,0.391304347826087,75,75,0.044365572315882895,0.38372093023255816,0.45454545454545453,0.3402061855670103,0.4639175257731959,0.36065573770491804,0.45918367346938777,97,97,0.09852793576446972,"{""BUY"": 86, ""HOLD"": 121, ""SELL"": 22}","{""BUY"": 86, ""HOLD"": 121, ""SELL"": 22}",0.38836109176296596,75,"{""BUY"": 99, ""HOLD"": 109, ""SELL"": 21}","{""BUY"": 99, ""HOLD"": 109, ""SELL"": 21}",0.3930945996968537,75,10,26,0.004733507933887715,2026-07-27,2026-08-10,0,True
M&M.NS,2026-08-10,55,57,1141,1141,1141,2021-09-28,2025-07-31,2025-08-01,2026-07-27,912,912,229,229,True,0.372514434027226,0.32251561489875474,-0.04999881912847126,0.37574171887602853,0.3196715206022943,0.388646288209607,0.33624454148471616,SELL,SELL,0.3,0.24242424242424243,-0.05757575757575756,1,2,HOLD,True,0.5,0.41379310344827586,0.21428571428571427,0.17142857142857143,0.3,0.24242424242424243,70,70,-0.05757575757575756,0.35714285714285715,0.2692307692307692,0.5844155844155844,0.36363636363636365,0.4433497536945813,0.30939226519337015,77,77,-0.13395748850121114,0.3972602739726027,0.3854166666666667,0.35365853658536583,0.45121951219512196,0.3741935483870968,0.4157303370786517,82,82,0.041536788691554916,"{""BUY"": 73, ""HOLD"": 126, ""SELL"": 30}","{""BUY"": 92, ""HOLD"": 100, ""SELL"": 37}",0.3362413374191527,75,"{""BUY"": 96, ""HOLD"": 104, ""SELL"": 29}","{""BUY"": 109, ""HOLD"": 85, ""SELL"": 35}",0.341709546116326,75,10,46,0.0054682086971732935,2026-07-27,2026-08-10,0,True
MARUTI.NS,2026-08-10,55,57,665,665,665,2023-09-26,2025-12-23,2025-12-24,2026-07-27,532,532,133,133,True,0.26899997297510064,0.26712150747238467,-0.0018784655027159758,0.26899997297510064,0.26712150747238467,0.3308270676691729,0.3308270676691729,BUY,BUY,0.037037037037037035,0.0,-0.037037037037037035,1,2,BUY,True,0.3870967741935484,0.4642857142857143,0.25,0.2708333333333333,0.3037974683544304,0.34210526315789475,48,48,0.03830779480346436,0.34831460674157305,0.34065934065934067,0.7045454545454546,0.7045454545454546,0.46616541353383456,0.45925925925925926,44,44,-0.006906154274575305,0.07692307692307693,0.0,0.024390243902439025,0.0,0.037037037037037035,0.0,41,41,-0.037037037037037035,"{""BUY"": 13, ""HOLD"": 89, ""SELL"": 31}","{""BUY"": 13, ""HOLD"": 89, ""SELL"": 31}",0.36414661235552154,30,"{""BUY"": 14, ""HOLD"": 91, ""SELL"": 28}","{""BUY"": 14, ""HOLD"": 91, ""SELL"": 28}",0.3653843978913909,30,10,6,0.0012377855358693401,2026-07-27,2026-08-10,0,True
NESTLEIND.NS,2026-08-10,55,57,1141,1141,1141,2021-09-28,2025-07-31,2025-08-01,2026-07-27,912,912,229,229,True,0.26389737620641157,0.2704498518452007,0.006552475638789135,0.26389737620641157,0.2704498518452007,0.31004366812227074,0.3318777292576419,BUY,BUY,0.08620689655172414,0.09523809523809523,0.00903119868637109,2,1,BUY,True,0.25,0.36,0.2857142857142857,0.1836734693877551,0.26666666666666666,0.24324324324324326,49,49,-0.023423423423423406,0.3561643835616438,0.3652694610778443,0.5714285714285714,0.6703296703296703,0.4388185654008439,0.4728682170542636,91,91,0.034049651653419666,0.18518518518518517,0.16216216216216217,0.056179775280898875,0.06741573033707865,0.08620689655172414,0.09523809523809523,89,89,0.00903119868637109,"{""BUY"": 27, ""HOLD"": 146, ""SELL"": 56}","{""BUY"": 27, ""HOLD"": 146, ""SELL"": 56}",0.3599015024079701,30,"{""BUY"": 37, ""HOLD"": 167, ""SELL"": 25}","{""BUY"": 37, ""HOLD"": 167, ""SELL"": 25}",0.312763277448744,30,10,62,-0.047138224959226094,2026-07-27,2026-08-10,0,True
NTPC.NS,2026-08-10,55,57,1146,1146,1146,2021-09-28,2025-08-06,2025-08-07,2026-08-03,916,916,230,230,True,0.3224396590154389,0.3022021308523409,-0.02023752816309804,0.3224396590154389,0.3022021308523409,0.3565217391304348,0.3217391304347826,BUY,SELL,0.2033898305084746,0.2647058823529412,0.06131605184446659,1,2,,True,0.2236842105263158,0.18840579710144928,0.288135593220339,0.22033898305084745,0.2518518518518518,0.203125,59,59,-0.04872685185185183,0.49074074074074076,0.44329896907216493,0.5353535353535354,0.43434343434343436,0.5120772946859904,0.4387755102040816,99,99,-0.07330178448190877,0.2608695652173913,0.28125,0.16666666666666666,0.25,0.2033898305084746,0.2647058823529412,72,72,0.06131605184446659,"{""BUY"": 46, ""HOLD"": 108, ""SELL"": 76}","{""BUY"": 46, ""HOLD"": 108, ""SELL"": 76}",0.34807997510663063,75,"{""BUY"": 64, ""HOLD"": 97, ""SELL"": 69}","{""BUY"": 64, ""HOLD"": 97, ""SELL"": 69}",0.35614270596210795,75,5,36,0.008062730855477318,2026-08-03,2026-08-10,0,True
ONGC.NS,2026-08-10,55,57,1141,1141,1141,2021-09-28,2025-07-31,2025-08-01,2026-07-27,912,912,229,229,True,0.30153879319894134,0.32122926437961924,0.019690471180677904,0.3060854171066325,0.30434415145368493,0.3318777292576419,0.34497816593886466,BUY,BUY,0.13592233009708737,0.2608695652173913,0.12494723512030392,2,1,,True,0.32098765432098764,0.25757575757575757,0.4126984126984127,0.2698412698412698,0.3611111111111111,0.26356589147286824,63,63,-0.09754521963824286,0.33076923076923076,0.3533834586466165,0.5308641975308642,0.5802469135802469,0.4075829383886256,0.4392523364485981,81,81,0.03166939805997254,0.3888888888888889,0.5,0.08235294117647059,0.17647058823529413,0.13592233009708737,0.2608695652173913,85,85,0.12494723512030392,"{""BUY"": 18, ""HOLD"": 130, ""SELL"": 81}","{""BUY"": 18, ""HOLD"": 162, ""SELL"": 49}",0.3578253651305461,75,"{""BUY"": 30, ""HOLD"": 133, ""SELL"": 66}","{""BUY"": 31, ""HOLD"": 159, ""SELL"": 39}",0.35140459954701814,75,10,30,-0.006420765583527943,2026-07-27,2026-08-10,0,True
POWERGRID.NS,2026-08-10,55,57,1146,1146,1146,2021-09-28,2025-08-06,2025-08-07,2026-08-03,916,916,230,230,True,0.32634032634032634,0.3542163947290979,0.027876068388771547,0.32634032634032634,0.3542163947290979,0.3826086956521739,0.4391304347826087,BUY,BUY,0.11764705882352941,0.14285714285714285,0.02521008403361344,2,1,,True,0.32941176470588235,0.4,0.4057971014492754,0.2898550724637681,0.36363636363636365,0.33613445378151263,69,69,-0.027501909854851014,0.4365079365079365,0.46296296296296297,0.5789473684210527,0.7894736842105263,0.497737556561086,0.5836575875486382,95,95,0.08592003098755219,0.2631578947368421,0.3333333333333333,0.07575757575757576,0.09090909090909091,0.11764705882352941,0.14285714285714285,66,66,0.02521008403361344,"{""BUY"": 19, ""HOLD"": 126, ""SELL"": 85}","{""BUY"": 19, ""HOLD"": 126, ""SELL"": 85}",0.30851321912068524,75,"{""BUY"": 18, ""HOLD"": 162, ""SELL"": 50}","{""BUY"": 18, ""HOLD"": 162, ""SELL"": 50}",0.3113225714989927,75,5,72,0.002809352378307428,2026-08-03,2026-08-10,0,True
RELIANCE.NS,2026-08-10,55,57,1139,1139,1139,2021-09-30,2025-08-01,2025-08-04,2026-07-27,911,911,228,228,True,0.24622599192594707,0.3133356733737494,0.06710968144780233,0.24622599192594707,0.3133356733737494,0.25,0.3157894736842105,HOLD,SELL,0.2,0.33540372670807456,0.13540372670807455,3,0,,True,0.22077922077922077,0.2647058823529412,0.2833333333333333,0.3,0.24817518248175183,0.28125,60,60,0.03307481751824817,0.3111111111111111,0.4090909090909091,0.14736842105263157,0.28421052631578947,0.2,0.33540372670807456,95,95,0.13540372670807455,0.24528301886792453,0.2872340425531915,0.3561643835616438,0.3698630136986301,0.2905027932960894,0.32335329341317365,73,73,0.032850500117084236,"{""BUY"": 106, ""HOLD"": 45, ""SELL"": 77}","{""BUY"": 106, ""HOLD"": 45, ""SELL"": 77}",0.33421028463339614,30,"{""BUY"": 94, ""HOLD"": 66, ""SELL"": 68}","{""BUY"": 94, ""HOLD"": 66, ""SELL"": 68}",0.3312202828939149,30,10,42,-0.0029900017394812184,2026-07-27,2026-08-10,0,True
SBILIFE.NS,2026-08-10,55,57,1141,1141,1141,2021-09-28,2025-07-31,2025-08-01,2026-07-27,912,912,229,229,True,0.3446097350855664,0.3609928633134694,0.016383128227903,0.3446097350855664,0.3609928633134694,0.38427947598253276,0.40611353711790393,BUY,BUY,0.24719101123595505,0.2641509433962264,0.016959932160271363,2,1,,True,0.21505376344086022,0.23943661971830985,0.35714285714285715,0.30357142857142855,0.2684563758389262,0.2677165354330709,56,56,-0.0007398404058552854,0.4956521739130435,0.5166666666666667,0.5428571428571428,0.5904761904761905,0.5181818181818182,0.5511111111111111,105,105,0.03292929292929292,0.5238095238095238,0.3684210526315789,0.16176470588235295,0.20588235294117646,0.24719101123595505,0.2641509433962264,68,68,0.016959932160271363,"{""BUY"": 21, ""HOLD"": 115, ""SELL"": 93}","{""BUY"": 21, ""HOLD"": 115, ""SELL"": 93}",0.31444946898203985,30,"{""BUY"": 38, ""HOLD"": 120, ""SELL"": 71}","{""BUY"": 38, ""HOLD"": 120, ""SELL"": 71}",0.3143571297195229,30,10,44,-9.233926251694946e-05,2026-07-27,2026-08-10,0,True
SBIN.NS,2026-08-10,55,57,1146,1146,1146,2021-09-28,2025-08-06,2025-08-07,2026-08-03,916,916,230,230,True,0.311207993477497,0.3230139596074307,0.011805966129933676,0.3086148419481753,0.29285714285714287,0.3782608695652174,0.3521739130434783,BUY,BUY,0.1276595744680851,0.22857142857142856,0.10091185410334347,2,1,,True,0.17894736842105263,0.1743119266055046,0.425,0.475,0.2518518518518518,0.2550335570469799,40,40,0.0031817051951280595,0.5245901639344263,0.5154639175257731,0.5871559633027523,0.45871559633027525,0.5541125541125541,0.4854368932038835,109,109,-0.06867566090867061,0.46153846153846156,0.5,0.07407407407407407,0.14814814814814814,0.1276595744680851,0.22857142857142856,81,81,0.10091185410334347,"{""BUY"": 13, ""HOLD"": 122, ""SELL"": 95}","{""BUY"": 10, ""HOLD"": 125, ""SELL"": 95}",0.3362281801368655,75,"{""BUY"": 24, ""HOLD"": 97, ""SELL"": 109}","{""BUY"": 17, ""HOLD"": 101, ""SELL"": 112}",0.35538640074184663,75,5,50,0.019158220604981124,2026-08-03,2026-08-10,0,True
SUNPHARMA.NS,2026-08-10,55,57,1141,1141,1141,2021-09-28,2025-07-31,2025-08-01,2026-07-27,912,912,229,229,True,0.3628246753246753,0.32170993220506555,-0.041114743119609776,0.3628246753246753,0.32170993220506555,0.38427947598253276,0.3624454148471616,BUY,BUY,0.22377622377622378,0.18705035971223022,-0.03672586406399356,1,2,,True,0.425,0.35294117647058826,0.3333333333333333,0.23529411764705882,0.37362637362637363,0.2823529411764706,51,51,-0.09127343244990305,0.3819444444444444,0.37662337662337664,0.6875,0.725,0.49107142857142855,0.49572649572649574,80,80,0.004655067155067194,0.35555555555555557,0.3170731707317073,0.16326530612244897,0.1326530612244898,0.22377622377622378,0.18705035971223022,98,98,-0.03672586406399356,"{""BUY"": 45, ""HOLD"": 144, ""SELL"": 40}","{""BUY"": 45, ""HOLD"": 144, ""SELL"": 40}",0.39349021873939827,75,"{""BUY"": 41, ""HOLD"": 154, ""SELL"": 34}","{""BUY"": 41, ""HOLD"": 154, ""SELL"": 34}",0.39513189545662614,75,10,20,0.001641676717227869,2026-07-27,2026-08-10,0,True
TATACONSUM.NS,2026-08-10,55,57,1141,1141,1141,2021-09-28,2025-07-31,2025-08-01,2026-07-27,912,912,229,229,True,0.3443167019831785,0.361266077178734,0.016949375195555505,0.35868863049095606,0.3779330675833427,0.388646288209607,0.4148471615720524,BUY,BUY,0.23140495867768596,0.25196850393700787,0.020563545259321914,2,1,,True,0.2631578947368421,0.2826086956521739,0.28846153846153844,0.25,0.27522935779816515,0.2653061224489796,52,52,-0.009923235349185544,0.5263157894736842,0.5546218487394958,0.5263157894736842,0.5789473684210527,0.5263157894736842,0.5665236051502146,114,114,0.04020781567653042,0.2413793103448276,0.25,0.2222222222222222,0.25396825396825395,0.23140495867768596,0.25196850393700787,63,63,0.020563545259321914,"{""BUY"": 58, ""HOLD"": 114, ""SELL"": 57}","{""BUY"": 41, ""HOLD"": 144, ""SELL"": 44}",0.31651253525589695,30,"{""BUY"": 64, ""HOLD"": 119, ""SELL"": 46}","{""BUY"": 47, ""HOLD"": 148, ""SELL"": 34}",0.31724857456652494,30,10,22,0.0007360393106279894,2026-07-27,2026-08-10,0,True
TATASTEEL.NS,2026-08-10,55,57,1141,1141,1141,2021-09-28,2025-07-31,2025-08-01,2026-07-27,912,912,229,229,True,0.40950782997762863,0.4103484785452201,0.0008406485675914732,0.3617624819638166,0.40557237189870854,0.4104803493449782,0.4104803493449782,SELL,HOLD,0.38926174496644295,0.4605263157894737,0.07126457082303073,1,2,,True,0.31521739130434784,0.3684210526315789,0.5087719298245614,0.6140350877192983,0.38926174496644295,0.4605263157894737,57,57,0.07126457082303073,0.42028985507246375,0.38028169014084506,0.3625,0.3375,0.38926174496644295,0.3576158940397351,80,80,-0.03164585092670785,0.5294117647058824,0.5079365079365079,0.391304347826087,0.34782608695652173,0.45,0.4129032258064516,92,92,-0.0370967741935484,"{""BUY"": 68, ""HOLD"": 69, ""SELL"": 92}","{""BUY"": 36, ""HOLD"": 99, ""SELL"": 94}",0.4220490616248498,75,"{""BUY"": 63, ""HOLD"": 71, ""SELL"": 95}","{""BUY"": 45, ""HOLD"": 86, ""SELL"": 98}",0.40709091402595704,75,10,10,-0.014958147598892746,2026-07-27,2026-08-10,0,True
TCS.NS,2026-08-10,55,57,1141,1141,1141,2021-09-28,2025-07-31,2025-08-01,2026-07-27,912,912,229,229,True,0.2845163551045904,0.30793650793650795,0.023420152831917562,0.2845163551045904,0.30793650793650795,0.31004366812227074,0.3406113537117904,SELL,SELL,0.14545454545454545,0.16666666666666666,0.02121212121212121,3,0,,True,0.25806451612903225,0.3103448275862069,0.10126582278481013,0.11392405063291139,0.14545454545454545,0.16666666666666666,79,79,0.02121212121212121,0.2716049382716049,0.3088235294117647,0.3055555555555556,0.2916666666666667,0.2875816993464052,0.3,72,72,0.012418300653594783,0.3504273504273504,0.36363636363636365,0.5256410256410257,0.6153846153846154,0.4205128205128205,0.45714285714285713,78,78,0.03663003663003661,"{""BUY"": 117, ""HOLD"": 81, ""SELL"": 31}","{""BUY"": 117, ""HOLD"": 81, ""SELL"": 31}",0.34934587778828763,30,"{""BUY"": 132, ""HOLD"": 68, ""SELL"": 29}","{""BUY"": 132, ""HOLD"": 68, ""SELL"": 29}",0.3490016509747791,30,10,30,-0.00034422681350854134,2026-07-27,2026-08-10,0,True
TECHM.NS,2026-08-10,55,57,1141,1141,1141,2021-09-28,2025-07-31,2025-08-01,2026-07-27,912,912,229,229,True,0.31179414708826475,0.3396119929453263,0.02781784585706154,0.31179414708826475,0.3396119929453263,0.314410480349345,0.34497816593886466,HOLD,HOLD,0.26666666666666666,0.2857142857142857,0.019047619047619035,3,0,,True,0.21052631578947367,0.24817518248175183,0.5384615384615384,0.6538461538461539,0.3027027027027027,0.35978835978835977,52,52,0.05708565708565705,0.3902439024390244,0.425,0.20253164556962025,0.21518987341772153,0.26666666666666666,0.2857142857142857,79,79,0.019047619047619035,0.509090909090909,0.5384615384615384,0.2857142857142857,0.2857142857142857,0.3660130718954248,0.37333333333333335,98,98,0.007320261437908537,"{""BUY"": 55, ""HOLD"": 41, ""SELL"": 133}","{""BUY"": 55, ""HOLD"": 41, ""SELL"": 133}",0.31968491051048226,75,"{""BUY"": 52, ""HOLD"": 40, ""SELL"": 137}","{""BUY"": 52, ""HOLD"": 40, ""SELL"": 137}",0.3252196292367664,75,10,8,0.005534718726284138,2026-07-27,2026-08-10,0,True
TITAN.NS,2026-08-10,55,57,1141,1141,1141,2021-09-28,2025-07-31,2025-08-01,2026-07-27,912,912,229,229,True,0.335978835978836,0.3222108303695208,-0.013768005609315181,0.335978835978836,0.3222108303695208,0.3624454148471616,0.32751091703056767,SELL,SELL,0.1746031746031746,0.2158273381294964,0.0412241635263218,2,1,BUY,True,0.14102564102564102,0.16483516483516483,0.22916666666666666,0.3125,0.1746031746031746,0.2158273381294964,48,48,0.0412241635263218,0.3055555555555556,0.3333333333333333,0.36666666666666664,0.4166666666666667,0.3333333333333333,0.37037037037037035,60,60,0.037037037037037035,0.6329113924050633,0.5555555555555556,0.4132231404958678,0.2892561983471074,0.5,0.3804347826086957,121,121,-0.11956521739130432,"{""BUY"": 79, ""HOLD"": 72, ""SELL"": 78}","{""BUY"": 79, ""HOLD"": 72, ""SELL"": 78}",0.306303936228691,75,"{""BUY"": 63, ""HOLD"": 75, ""SELL"": 91}","{""BUY"": 63, ""HOLD"": 75, ""SELL"": 91}",0.303984746396666,75,10,32,-0.0023191898320250037,2026-07-27,2026-08-10,0,True
TRENT.NS,2026-08-10,55,57,1141,1141,1141,2021-09-28,2025-07-31,2025-08-01,2026-07-27,912,912,229,229,True,0.32249609580933625,0.30650425015179117,-0.01599184565754508,0.32249609580933625,0.30650425015179117,0.3406113537117904,0.314410480349345,SELL,SELL,0.19130434782608696,0.2459016393442623,0.05459729151817533,1,2,,True,0.5789473684210527,0.5769230769230769,0.11458333333333333,0.15625,0.19130434782608696,0.2459016393442623,96,96,0.05459729151817533,0.3111111111111111,0.2911392405063291,0.4307692307692308,0.35384615384615387,0.36129032258064514,0.3194444444444444,65,65,-0.04184587813620072,0.325,0.27419354838709675,0.5735294117647058,0.5,0.4148936170212766,0.3541666666666667,68,68,-0.0607269503546099,"{""BUY"": 120, ""HOLD"": 90, ""SELL"": 19}","{""BUY"": 120, ""HOLD"": 90, ""SELL"": 19}",0.2690177264265788,30,"{""BUY"": 124, ""HOLD"": 79, ""SELL"": 26}","{""BUY"": 124, ""HOLD"": 79, ""SELL"": 26}",0.26441862330091254,30,10,22,-0.0045991031256662485,2026-07-27,2026-08-10,0,True
ULTRACEMCO.NS,2026-08-10,55,57,1141,1141,1141,2021-09-28,2025-07-31,2025-08-01,2026-07-27,912,912,229,229,True,0.3697267274945866,0.3613324899852414,-0.008394237509345204,0.3697267274945866,0.3613324899852414,0.3930131004366812,0.3799126637554585,SELL,SELL,0.2736842105263158,0.2549019607843137,-0.0187822497420021,1,2,,True,0.34210526315789475,0.28888888888888886,0.22807017543859648,0.22807017543859648,0.2736842105263158,0.2549019607843137,57,57,-0.0187822497420021,0.43283582089552236,0.4342105263157895,0.30851063829787234,0.35106382978723405,0.36024844720496896,0.38823529411764707,94,94,0.02798684691267811,0.3870967741935484,0.37962962962962965,0.6153846153846154,0.5256410256410257,0.4752475247524752,0.44086021505376344,78,78,-0.03438730969871179,"{""BUY"": 124, ""HOLD"": 67, ""SELL"": 38}","{""BUY"": 124, ""HOLD"": 67, ""SELL"": 38}",0.3810212444457991,75,"{""BUY"": 108, ""HOLD"": 76, ""SELL"": 45}","{""BUY"": 108, ""HOLD"": 76, ""SELL"": 45}",0.3744273739396022,75,10,32,-0.006593870506196919,2026-07-27,2026-08-10,0,True
WIPRO.NS,2026-08-10,55,57,1146,1146,1146,2021-09-28,2025-08-06,2025-08-07,2026-08-03,916,916,230,230,True,0.3216087685694519,0.2863492002221665,-0.03525956834728544,0.3216087685694519,0.2863492002221665,0.4217391304347826,0.4434782608695652,SELL,BUY,0.1956521739130435,0.1728395061728395,-0.02281266774020399,1,2,BUY,True,0.2571428571428571,0.2916666666666667,0.15789473684210525,0.12280701754385964,0.1956521739130435,0.1728395061728395,57,57,-0.02281266774020399,0.45930232558139533,0.4742268041237113,0.7247706422018348,0.8440366972477065,0.5622775800711743,0.6072607260726073,109,109,0.04498314600143294,0.391304347826087,0.25,0.140625,0.046875,0.20689655172413793,0.07894736842105263,64,64,-0.1279491833030853,"{""BUY"": 23, ""HOLD"": 172, ""SELL"": 35}","{""BUY"": 23, ""HOLD"": 172, ""SELL"": 35}",0.36535162487349815,75,"{""BUY"": 12, ""HOLD"": 194, ""SELL"": 24}","{""BUY"": 12, ""HOLD"": 194, ""SELL"": 24}",0.3709410418046365,75,5,44,0.005589416931138347,2026-08-03,2026-08-10,0,True
